-0.813093,0.54377,-0.106765,-0.347664,-1.21983,
-0.635617,0.939419,-1.35083,2.01383,0.5476,
-3.1382,-1.09066,0.685959,-0.0195762,-1.15637,
0.589248,-1.07949,-0.641486,-1.65211,0.0161938,
-2.39641,-0.11513,1.0412,-1.98125,-1.12588,
-2.53047,-1.3404,-0.216065,0.358065,-0.445251,
0.997016,-1.69104,0.132379,-0.811796,0.152587,
2.08938,0.130019,-1.06231,1.76648,-0.357718,
-0.734538,1.88762,0.00235376,0.328857,-1.04363,
0.943809,-2.04832,1.08371,1.20936,0.407424,
2.33447,1.19985,-0.777969,1.6991,-0.831063,
1.31903,-0.10368,-0.231022,-0.995146,-0.326515,
-2.12433,-1.44398,-0.371351,-0.0611266,-1.11154,
0.653665,-0.343914,-0.306139,-0.131151,-0.723198,
-0.495183,0.489536,-0.492146,0.663767,1.14858,
1.68277,-1.91861,0.22534,-1.18655,0.0944278,
2.30219,0.888775,-1.30077,1.45028,-0.346259,
0.612993,-0.143063,0.439748,-0.0975306,1.32283,
2.26513,-2.31225,0.812701,0.514267,0.296568,
0.3738,0.157927,-1.29396,-1.49593,-1.29895,
0.892788,0.967042,0.417885,-1.72669,1.31072,
-0.345807,1.08635,0.596471,0.266769,1.71329,
1.9076,1.62592,1.21152,1.12668,0.650694,
-0.680907,-0.871155,2.10181,-0.381378,-1.62369,
-0.897067,0.86528,1.21055,-0.135127,0.806088,
0.726074,0.394763,0.949076,-0.665499,-0.466208,
0.0180079,0.256807,0.272867,-0.624721,-0.847685,
-0.482822,0.490292,0.574228,0.301139,0.683614,
-3.02467,-0.12065,2.27696,-1.21795,0.776123,
1.76249,0.657797,0.551291,-0.595558,-1.49121,
1.96305,-1.65321,-1.79278,-0.172263,-0.848508,
-0.274476,-0.979948,0.400573,1.25787,-0.996409,
2.79964,-0.115367,-1.209,1.28911,-0.473763,
-0.998296,-0.763768,-0.340667,-0.339567,0.0159542,
1.77323,-1.75056,1.71561,1.13207,0.533106,
-0.388912,-0.216531,1.60106,0.111045,-1.55053,
-2.04741,0.764785,-1.07287,1.09257,-0.58723,
1.52799,-2.45234,-0.968653,-0.049091,0.0718782,
0.756038,1.79999,-1.09917,-0.624971,-1.01229,
-2.73048,1.98123,1.97559,0.599895,0.940826,
2.11291,-1.67803,0.00283926,-0.0429561,-0.271029,
-0.657177,-0.44773,2.11276,1.51985,0.514499,
-0.867947,2.16094,-2.48043,0.0623859,-0.0302789,
2.453,1.90811,0.0432671,-0.527669,-0.282047,
-2.87092,-2.02236,-1.22191,-0.743955,1.40266,
1.62362,-1.17129,1.02783,0.543928,-0.126362,
-0.874929,1.23027,0.743636,2.11425,0.553482,
-2.5593,-1.72609,0.678076,-1.65776,-0.926572,
1.62483,-0.443252,-0.398949,-0.468539,0.736813,
-1.07004,0.483681,0.660681,-0.32491,1.34507,
0.578304,1.79103,1.18595,-0.425362,1.22396,
-2.77571,-0.435318,-2.36039,-0.489895,0.648179,
-0.690621,0.311254,0.435504,1.44411,0.581604,
2.06719,1.93905,-0.204196,-1.87149,1.00611,
-1.84269,1.81528,0.101078,0.446781,0.199327,
-0.279259,-0.166853,0.33012,0.294356,-1.08036,
-2.14026,1.3933,-1.34769,0.0564928,-0.744132,
1.62744,-2.12183,-0.811005,0.157853,0.875742,
1.75061,-0.851182,0.706997,0.226138,0.871212,
1.90065,-1.48943,1.12094,-0.470316,-1.25004,
-0.672923,2.22613,-1.75956,1.78631,-0.526055,
-0.128528,2.28584,-0.96246,-0.722112,-0.885259,
1.57004,-1.46502,0.706748,0.388064,-1.93499,
-0.773655,-0.333207,-0.789157,-0.489077,-1.38827,
-2.37281,-1.25226,-0.308736,0.679776,-1.47442,
-2.85511,-0.080131,1.49927,-1.62358,0.290414,
-0.968807,1.87348,0.193809,-1.18141,-1.7637,
-3.17503,-0.91935,-0.420299,-0.435663,0.910917,
1.22815,-0.509329,-0.068928,-0.736778,0.603877,
0.779645,0.868479,-0.133982,0.984906,-0.986134,
-2.49315,-0.294435,0.863227,-0.408637,-0.826081,
0.297456,-1.03716,-0.147369,-0.761276,0.784447,
-0.511926,2.25335,0.747256,1.84461,0.252909,
2.50428,1.90791,0.962573,-1.02797,1.54997,
2.43664,-2.55652,-0.472087,-1.43653,-1.43922,
1.34951,2.06255,-0.328176,0.53904,-0.332623,
-2.57463,2.40892,-0.923484,1.7225,0.926006,
0.581998,0.995739,-0.54802,2.19881,0.0543584,
-2.33784,-0.905941,0.149157,0.660403,-0.32598,
0.385291,-1.49597,-1.41462,0.475274,1.57946,
1.22326,0.105155,-1.14166,0.172079,1.43597,
0.0111681,-2.52395,1.39,0.92063,-1.74453,
2.17332,-1.82482,-0.099623,-1.14664,0.697593,
-1.45142,2.17031,1.27338,-0.334459,-0.514457,
-0.316615,-1.49,-1.81066,-0.353385,1.04482,
2.4763,0.612683,0.913767,0.657642,-0.626034,
2.84062,0.693512,2.26808,0.0519667,-0.42351,
0.778954,-0.749831,0.153924,-0.396185,1.68349,
-0.714809,1.95455,-1.02094,-1.70364,-0.572682,
-0.890092,1.53862,0.945448,-0.252635,-0.00435892,
-0.725528,-1.26588,0.890649,-1.80585,0.559635,
2.41168,1.74453,0.440522,0.916088,1.6669,
1.54113,0.703797,-0.838591,0.023162,-1.22733,
1.51193,-0.584299,-1.87691,-0.635623,0.0152175,
-3.05331,-0.913217,0.547736,1.61557,-0.151997,
-0.8699,-2.3126,-0.426951,-1.46869,-0.314251,
-2.77041,-2.03148,-1.33485,1.5037,-0.808259,
-2.69949,-0.0114229,-0.436157,0.0134536,-0.320439,
1.73116,1.18832,0.491452,0.0761781,0.773356,
0.796026,-1.55172,-0.243002,2.14243,-0.53952,
2.62627,-1.21802,1.87641,-2.15856,-0.376093,
-1.59408,-1.89822,-0.896954,-1.04071,-0.48298,
-2.43694,-1.55531,1.74092,-1.4035,-0.609656,
-2.66493,-1.95035,-0.787145,1.06429,-1.11852,
-0.419964,2.42066,0.122232,-0.60388,-0.779075,
-0.889565,0.0627067,1.4853,0.17179,-0.540973,
-0.636024,-1.75385,-1.75076,2.05392,-0.0273756,
0.659747,-2.38738,0.562439,-0.48821,0.0101858,
1.64517,0.824462,-1.19812,-0.0567298,0.811092,
2.58698,0.0837665,-1.78475,-0.537092,0.755665,
-1.97128,0.839139,0.188656,0.976683,-0.703526,
-0.118552,-0.928709,-1.19995,-1.38494,1.7025,
-2.96616,-0.310208,-0.131577,0.298588,-0.610444,
-0.820758,-1.90517,0.45291,-0.371253,1.37578,
-2.50106,-1.17813,0.0560264,0.740609,-0.0725212,
2.85217,1.4901,-0.878841,0.848217,1.89392,
0.746485,1.87663,-0.504685,0.609559,-0.634615,
-2.59406,-1.41189,-1.22991,0.640638,-0.958659,
-1.88123,0.787668,1.66297,0.101268,-0.0432542,
-1.59982,0.233131,0.573031,0.834064,-0.0464274,
-0.930545,-1.64478,0.382292,0.364302,-1.28775,
-1.48345,1.53248,-0.228746,1.57831,-1.27988,
-1.58031,1.49296,-1.84205,-1.14816,-0.945134,
2.47148,0.723224,0.87511,0.375955,-1.32371,
2.80662,1.28544,0.317023,0.172281,0.334096,
2.43738,0.288888,-0.028482,-1.72277,-0.908572,
-0.336064,1.65549,-0.657973,0.773022,-0.434658,
-2.33902,0.47964,0.569288,0.265424,-0.63584,
-0.80621,-2.04604,-0.316371,1.7436,-1.36564,
2.15149,0.303563,0.420239,-1.10886,-1.64517,
-2.14956,1.45776,-1.11986,-0.00100638,0.688802,
1.69258,-2.21592,-1.90847,-0.839197,0.762736,
2.90261,0.0874965,0.373071,-0.998444,1.2988,
2.26772,-0.934676,-0.460161,-2.05407,-0.227832,
1.60267,0.0917096,0.631165,0.97805,0.622871,
0.959749,1.13922,-0.756474,-1.6406,-0.922913,
-2.63142,-0.173413,-1.13179,0.370313,0.0472532,
2.15045,0.172372,-0.06222,0.0539842,0.955504,
2.69291,1.08873,1.29657,-1.64308,0.533132,
-0.684107,1.03788,1.25543,-0.0180998,0.592144,
2.4636,-2.75953,1.20127,-1.15589,0.26509,
-2.5086,-1.95938,1.49311,-0.61179,-0.785885,
2.2163,-0.0581631,-1.591,0.249493,0.171563,
0.983645,-0.248921,-0.821398,0.588188,-0.636891,
0.23935,0.00530716,-0.414797,-2.21555,0.62567,
0.712234,-2.40034,2.75794,-0.426185,0.159604,
2.87516,0.850556,0.986928,0.092164,0.774231,
-2.07293,2.74016,-0.606467,-0.792755,-1.13316,
-2.28273,-2.07134,0.201907,0.360163,-1.86269,
-1.97676,0.761937,-1.2277,1.63467,1.12735,
2.62803,0.0808692,0.892485,-0.398061,-1.72626,
-2.46424,1.58703,0.126316,-0.36931,2.10653,
-3.10024,-1.73282,-0.814846,-0.204875,-0.217481,
-0.702517,-2.34191,-1.16173,0.382045,0.924609,
1.71422,-1.27032,-0.151681,0.0735282,1.32839,
0.383563,0.355596,-0.371886,1.15405,-0.359798,
0.115277,0.364317,2.258,-0.632762,0.727116,
-1.59081,-0.410635,1.38649,0.0689261,-1.96909,
-2.48214,1.35734,1.5678,1.3414,1.21169,
0.546686,1.96642,1.23444,1.07662,1.55155,
-1.98401,1.64904,-0.213772,0.897131,-0.41907,
1.31422,2.06455,0.56727,-0.578551,0.905747,
-2.75189,1.73758,0.632601,1.28479,0.334622,
2.51605,-0.4129,-2.26325,-0.344773,-0.620029,
1.27558,-0.141173,0.274798,1.03342,1.11637,
1.52073,-2.0824,-1.65096,0.266829,-0.482238,
-1.86937,0.336636,0.558062,1.00602,-1.86696,
1.73101,0.0229989,0.322505,2.10336,0.351234,
2.66382,1.52163,1.67966,0.831857,-0.802293,
-2.13674,0.867496,1.66244,-1.44588,-0.522821,
-1.12604,-0.936905,-0.96997,-0.599862,-0.222446,
-1.15279,0.222441,-0.357329,0.138911,-1.65463,
-1.6849,-0.0305428,-1.80313,1.02214,-0.166307,
1.36575,0.10221,1.499,-1.08467,0.750524,
2.71792,1.39555,1.58464,1.21209,-2.40023,
-0.3314,-0.17062,-1.78472,2.21186,-0.699207,
-0.31898,-1.49485,-1.08008,-1.85215,-1.17153,
2.7306,0.773411,1.15372,-1.25152,-0.290402,
2.18969,-0.405003,2.05426,-1.18995,-1.16298,
1.29701,1.08667,-0.412369,-0.0177625,1.12776,
1.29843,0.874988,-0.174663,-0.697774,0.646466,
-2.75786,1.96421,-1.04632,0.170907,0.54278,
0.620303,1.7212,0.793957,0.968084,-1.87382,
-0.214924,0.558929,0.734003,0.364272,-0.424424,
-0.32122,-0.405821,-1.68111,-0.503081,-1.06492,
0.587709,-1.50633,2.16454,0.598278,0.1895,
-0.968353,-2.17156,-2.00393,1.31952,0.384862,
-0.645306,0.939448,0.471711,-2.0385,-1.73584,
-3.26392,-2.16684,0.862175,1.15262,-0.0730775,
0.0100588,1.64077,-0.278337,-0.936889,-1.63886,
-1.86746,2.3738,-0.806951,-0.985939,1.31299,
-1.0042,1.38683,-1.99521,0.525094,0.350965,
1.21201,2.17545,-0.866729,-1.10586,-0.648369,
-0.391389,-0.894644,1.91002,-0.64358,0.413423,
1.19737,1.56948,0.260781,-1.5189,0.995782,
-0.707036,-1.94799,-1.86006,-1.31344,0.535079,
-2.9247,-0.926325,0.292652,0.43489,0.782526,
0.448487,-1.68966,-0.465672,-1.03799,0.616507,
1.96903,0.636786,0.0604032,-0.187428,1.09737,
0.577525,-0.741612,0.4021,0.0449709,-0.510517,
1.62129,0.219277,-1.15408,-1.55764,-0.360914,
1.74632,0.401455,-0.0670067,-0.20159,1.49124,
-1.57243,-0.423654,0.119579,0.801693,0.152796,
-2.6394,-2.04494,-0.218388,0.654798,-1.73994,
-2.95224,0.443439,0.332385,-1.28147,-0.553222,
0.344081,2.11674,0.0447281,-0.174995,0.841228,
-2.3557,0.661668,1.89991,0.820156,0.813737,
1.19657,-0.192867,1.21445,-2.00496,0.624136,
0.183519,1.34795,1.02039,1.07243,0.867115,
0.946661,1.45709,1.1707,0.89012,-0.650689,
2.68257,-0.795301,1.73718,1.23913,-0.0749081,
0.551232,-2.40238,-0.369558,0.235935,-0.058648,
-0.491416,-1.66873,1.33581,-1.46776,-0.887967,
2.66987,0.484493,0.103134,-1.30467,1.30343,
0.216168,1.92544,-0.236025,0.519982,-1.16894,
-1.29008,-1.8748,-0.25388,0.502066,-0.698073,
-1.32971,-0.379441,1.38958,-0.0908741,-0.621238,
-1.79405,-2.18837,-0.350453,-1.32234,1.01883,
2.19533,0.480144,-1.33971,-0.670663,-0.0386405,
-2.61052,2.43618,1.50208,0.651274,0.343663,
2.38486,2.02213,1.08316,-1.12701,0.42974,
0.0653164,-0.895473,-1.50623,-0.892845,1.12534,
-2.72433,0.196942,-2.42352,-0.403409,0.918537,
0.774611,1.87615,0.122633,-0.377294,0.684724,
2.14606,0.920579,-0.0685807,1.66446,1.79192,
-3.10629,-0.87868,0.203686,0.727664,-0.115451,
-2.86566,-0.0602786,-0.618498,-1.73029,1.44962,
1.90882,0.262302,-1.49296,0.83592,0.280844,
1.54552,1.38776,-1.63142,-0.251501,-0.677079,
-1.49845,0.292738,2.13512,1.37788,0.888567,
-2.31466,-1.45898,1.11405,-0.360504,-0.223805,
1.76922,-0.972494,0.631801,-1.2117,-0.574851,
3.061,0.928761,-0.474751,1.75244,-0.997106,
-2.15041,1.01628,-1.16357,-1.63678,-1.27768,
2.21181,0.855049,-0.664562,1.76423,-0.876899,
-0.431372,1.79349,-0.4625,-0.107158,-0.146847,
1.14995,0.0613832,0.98564,1.60396,-1.41919,
0.396774,-1.66176,0.0718664,-0.369452,1.65718,
-0.813857,2.14467,0.200928,-0.759316,0.230473,
1.92032,-0.889975,-0.773592,0.0263366,-1.77952,
0.305969,-0.351287,-2.36352,0.487552,0.450747,
2.48918,1.3406,-0.533483,0.570676,0.116606,
2.66642,-0.158829,-1.30762,1.35707,-0.227768,
-2.94808,0.215061,1.95992,0.452716,0.653083,
1.1284,-1.38922,0.369096,-0.256285,0.490675,
-0.258059,-0.242861,-2.20652,-0.873111,0.234838,
-1.03833,-1.13773,-1.28642,-0.350659,0.436861,
-2.30405,1.28273,-1.63014,-0.335357,0.740962,
0.16266,1.13357,0.311046,1.0924,-1.71297,
0.332705,0.218264,-0.677793,-1.4038,-0.705524,
1.36862,-0.1574,-2.74136,-0.4955,0.0600905,
-2.52831,1.08972,0.83946,-0.976631,1.55262,
-0.831174,-0.301774,-0.710565,-0.448541,0.332614,
1.14413,-0.0528464,1.35306,0.947274,0.32773,
-1.04005,0.28303,-0.0538176,0.237391,0.979363,
-3.23974,-2.09009,0.369616,1.10933,-1.25276,
2.35342,1.71359,-0.788412,0.784432,1.34503,
2.00096,-2.27773,-1.15008,-0.630283,0.547445,
1.09851,0.338681,-0.607637,-1.40694,1.03282,
0.719907,1.77365,0.568068,-0.381661,-0.207012,
-0.22334,-1.47049,-2.08281,-0.547483,-0.29681,
2.20801,0.586983,0.62732,0.742329,0.09883,
2.04229,-2.65909,-0.862948,0.367697,-1.29647,
0.229939,-1.21472,1.02095,-0.742431,0.337871,
-1.53108,-0.134348,0.752471,0.586969,-0.136645,
-1.28325,-1.36136,0.605914,-1.78555,-0.0967866,
-2.96293,0.641088,0.765276,-1.70984,-1.47019,
1.91362,0.482878,0.869819,0.316759,-0.762178,
0.63938,2.35176,-2.60502,0.303693,-0.0125529,
-0.699187,0.603804,-1.336,1.43507,-0.0152476,
1.04725,-2.20568,1.37257,-1.34543,0.64532,
1.75996,-0.938173,-0.472955,1.19876,-0.950401,
-2.25345,-0.633847,1.14716,-0.984657,0.984438,
0.558514,-2.5301,-1.25164,0.0613808,0.883203,
-1.67571,-1.03509,1.68108,-1.36872,-0.352885,
1.9032,1.83214,1.17613,0.326891,0.480497,
0.160305,-2.46638,-1.22271,-0.238678,0.616339,
-0.186361,0.304127,-1.08128,0.131255,0.0835651,
2.48022,0.331205,0.124108,-1.20871,-0.0958346,
1.03818,-0.0848693,-0.639647,-2.06767,-0.533358,
0.0738567,-0.187396,-0.222273,-0.674301,-0.0968502,
0.603294,2.0522,1.62944,0.0851086,-1.36915,
-1.42736,0.413843,2.94753,0.572343,0.663563,
-1.64137,2.51984,0.336062,-1.72893,-1.62942,
1.64769,-2.40644,-0.200176,-1.66343,1.53611,
-0.442661,0.0181844,-0.87301,-0.504472,-0.311141,
0.717919,0.590175,-1.33487,-1.59268,0.973031,
1.5635,-2.27697,-1.49759,-0.864007,-0.935043,
-0.808646,-0.212671,0.583155,-0.547379,0.0196227,
-0.808681,-2.35862,-0.450733,1.24173,-1.18191,
1.8403,-1.30907,0.401181,-1.72157,-0.856628,
-1.08796,1.04443,-0.388422,-1.89542,-0.388097,
2.3514,-1.83388,-1.25396,1.35202,-1.08017,
2.34568,-1.67857,0.264188,-0.782155,-0.612348,
2.49867,0.23698,-0.620637,-0.745615,-0.684157,
0.357231,0.0867963,0.848749,-0.657658,-1.76915,
1.19719,1.22222,1.12447,0.631492,0.167506,
-1.20803,1.65198,-1.2205,0.702256,0.96902,
-1.43148,0.577453,-0.646967,-0.767408,1.57275,
-3.05848,-1.40215,-1.10379,-1.40545,1.31972,
2.19337,1.95165,0.258063,-1.39513,0.839621,
0.139745,1.4698,-0.538955,0.486273,-0.191614,
0.4698,0.327405,0.200395,1.66033,2.02069,
-2.59259,-0.532501,0.326011,0.391264,-0.309135,
-2.7375,-1.22939,2.16991,0.475892,0.788501,
0.981995,-0.993779,-0.279048,1.58353,0.88693,
2.62067,0.708199,-0.830834,-1.02355,-1.16522,
-2.92523,-1.05984,-0.489243,-0.139928,0.923344,
-2.4138,-1.08371,-1.02052,-0.474781,-1.05117,
-2.58609,2.06246,-0.0992866,-0.471415,1.85694,
-2.21654,2.2964,2.23217,1.81534,-0.406203,
0.274581,-2.35061,1.67786,0.250227,0.963233,
-2.34262,-1.88175,0.0878554,0.552385,-1.04418,
-3.09114,-1.54445,-1.06214,-1.33936,-0.89602,
-1.66127,1.00036,-0.0899856,0.197249,0.0550784,
-2.01173,2.55708,-0.703529,0.26127,-0.861854,
-0.747265,0.266604,2.12804,0.592135,0.889913,
0.427824,-1.06695,-0.603449,0.203868,1.68411,
1.38016,-1.61414,0.154827,0.631781,-1.61992,
1.54368,0.752953,0.727083,-0.14781,0.531476,
-0.203486,1.13262,-0.77986,-0.816611,0.961344,
1.75487,1.74436,-1.77436,0.728254,1.64628,
-0.268232,1.77825,0.925571,1.938,-0.613611,
0.604181,1.28191,0.0393521,-2.04095,1.55016,
0.279337,0.658453,2.04775,-0.510245,0.149006,
-1.88108,-2.01521,-0.138081,-0.17244,0.2158,
-1.89912,-0.618729,0.151442,1.32983,1.3456,
-2.26415,2.26325,0.855251,0.346599,1.47121,
1.61535,-0.236655,0.256418,0.619896,1.04136,
1.01138,1.07195,1.11167,0.628699,1.10175,
1.37434,-0.436283,-1.33915,-1.00485,0.189999,
1.91502,1.99222,-0.175294,-0.585313,-1.19557,
0.451593,0.432749,0.512172,0.0232075,-0.842262,
2.41038,0.28505,0.0904107,0.837335,-1.38239,
-1.7629,-1.57312,-0.664741,-0.0473782,1.86587,
0.923684,0.444295,0.894244,-0.836654,0.180611,
0.338269,-1.17416,1.51143,-0.357811,-0.417647,
-0.0611455,0.929956,0.228113,-0.809763,1.56768,
1.36701,0.778977,1.05093,-0.443981,-0.463206,
1.99365,-2.13884,-1.43372,-1.87356,0.249203,
-1.13616,0.478331,0.47882,-1.60784,-0.556741,
-0.0030572,-0.409505,-1.71152,0.884977,0.202331,
2.32294,-1.43372,-0.696182,-1.60081,-1.27787,
1.92266,0.0182962,0.622894,-0.734023,1.104,
0.830622,-0.904728,0.990346,1.25138,1.07289,
0.560947,0.228203,-0.00520462,-0.723947,-1.20902,
-2.50538,-2.01428,1.28068,-2.06064,0.527166,
0.700249,2.1811,-0.555825,-0.069487,-0.73585,
-2.818,0.671992,-0.854376,0.472164,0.511827,
-1.47967,0.908452,0.109095,-1.39451,-1.11121,
1.44015,-2.62195,0.802216,0.887048,-0.604902,
-3.20447,-1.47313,-0.88606,-1.93128,-0.877893,
0.115383,0.61836,-0.753795,-0.0241343,0.493022,
1.57885,-0.128761,-0.742231,1.46558,0.695814,
2.59101,-0.00708591,-0.730472,0.176764,1.30538,
2.61487,-2.54136,1.39243,0.529124,1.08919,
0.911218,-1.42778,-0.691552,1.27249,-0.348324,
1.5731,-0.80724,-1.25032,-0.193053,-0.465266,
2.47889,1.75861,-1.30013,0.405921,-0.829758,
2.21177,1.39719,0.591123,0.635449,0.557491,
0.0499102,0.72775,2.3967,0.588244,0.754975,
2.08807,-2.27014,-0.262719,-0.53899,-1.40853,
-1.14169,-1.00216,-1.12013,-0.461133,-0.938461,
2.12456,1.43507,-1.02562,2.23671,-0.456163,
2.22987,2.02201,0.2399,0.318991,-0.714832,
1.78564,-1.70787,0.339035,1.06822,1.4107,
-1.02323,-0.359775,0.882727,-0.622925,1.36594,
-2.99812,-1.06901,-0.254738,-1.61577,-1.00476,
-1.20237,-2.28874,1.44631,0.950375,1.1187,
-1.06542,0.930122,-0.652328,-1.53202,1.62376,
2.8015,0.715841,-1.01865,0.895046,-0.0324238,
-0.199147,-0.251261,2.1212,0.983618,0.923136,
2.93531,0.593912,-0.484042,0.96144,0.160657,
0.769237,0.524052,-2.10688,-1.27474,-0.99529,
1.39986,0.812302,0.224845,0.645862,-1.35682,
2.3651,0.549332,-0.25654,-0.929107,-1.0452,
0.677499,0.937157,0.733752,-1.39096,-1.12513,
0.73436,1.46352,-0.370837,-0.803689,0.525155,
-1.66668,0.987152,1.9171,1.23352,-1.01145,
-1.31701,-1.37983,0.286172,-0.345454,-0.199425,
1.55623,-0.144741,0.261932,-0.919557,-1.17974,
1.31891,-2.28537,1.59987,1.24288,1.28824,
2.29821,1.87966,1.20412,-0.137028,-2.21132,
0.0574323,1.47783,0.652733,-0.105452,1.51867,
-0.566797,-0.118595,-0.00789433,-1.54215,-0.863076,
-2.26499,-0.637807,0.309591,1.21825,1.49283,
0.296685,-1.66251,-1.01184,-0.506879,0.070303,
-1.87938,0.118888,0.168064,1.97772,-1.34527,
1.33601,0.0121639,-0.892585,0.488438,0.887673,
2.41052,0.712541,-1.4899,-0.141069,-0.23509,
-1.47977,-1.91656,-0.032286,-0.438177,-0.500282,
-2.0811,-0.383551,-1.15551,-1.35017,-1.32682,
-2.0338,1.56473,0.205215,1.04205,-0.510472,
-0.8581,0.148276,0.75372,0.680089,1.62363,
0.308588,1.80322,-1.61074,0.151797,-0.859918,
2.48955,0.445962,2.18059,-0.878111,-1.09436,
-0.417796,-2.46557,-0.243922,0.0299767,1.7641,
1.32537,-2.10999,0.907662,-0.941041,-0.74055,
0.447824,-0.680445,-0.645594,1.1292,1.10351,
-1.07842,-0.579273,-1.08016,0.861139,2.47081,
-0.50827,-0.243508,1.45564,1.2124,1.03907,
-1.33014,0.564894,-0.62168,0.574255,-0.138458,
1.41706,1.49403,-0.451179,2.53739,1.15389,
2.28993,-1.27348,1.33429,-2.4048,0.452518,
2.04976,-1.85059,2.22864,0.171624,0.35954,
-0.744186,2.33182,0.295013,0.512105,1.15414,
2.06692,0.655676,1.63434,0.268043,-1.09044,
2.35043,-0.323372,-0.539311,0.15014,-0.109147,
-2.47136,1.36155,-0.338477,0.615695,-0.54325,
-2.32446,-1.84431,-0.173691,0.387321,-1.68192,
-1.90506,-0.775952,-0.0881921,-1.1856,0.262776,
-1.91414,2.57368,-0.168966,-1.95808,-0.843705,
0.0792103,1.18117,-0.469047,0.247725,1.89287,
1.99507,1.71118,1.26928,1.5141,0.191626,
-1.49589,2.51248,-0.351711,-1.70192,-0.0342498,
-0.668431,-1.34136,-1.76016,-1.56282,0.37993,
-0.139467,1.39394,-0.423473,0.340821,-0.209161,
-0.836463,0.500095,-0.252483,1.94406,0.750337,
-1.70121,-2.21949,1.82497,0.508363,0.25373,
2.40423,1.56745,0.049563,0.0790938,-1.12691,
1.77286,-2.47133,0.0648349,0.58963,-0.657235,
-1.88388,1.8154,-0.404809,0.38297,0.742494,
2.60607,0.775233,-2.65776,0.0797769,0.051881,
2.75623,0.569472,0.0818021,-0.246581,0.720169,
-0.169196,0.940279,0.00479763,-1.55212,0.557852,
2.95513,0.752443,1.37861,-0.553522,-0.825966,
-0.299461,1.05828,0.633127,0.995325,-0.490774,
1.86656,-2.08006,0.912869,-1.44305,0.62583,
-0.724626,0.175954,0.43647,1.72837,-0.729659,
0.492219,1.88792,0.265974,0.984222,0.596144,
1.94735,-1.95941,1.89399,0.0405518,-0.356267,
-2.57342,-1.08227,1.46121,1.27379,-1.77796,
-1.19431,2.22665,1.02298,1.25539,0.00109395,
-1.63985,0.937171,-0.611267,0.11742,-0.759309,
0.944211,1.95246,1.50255,1.29368,-1.24249,
-0.458855,-0.00909216,-1.72273,-0.632516,-0.867428,
1.24,-0.296435,0.306006,1.77086,0.168686,
1.81257,-0.430691,1.67969,1.77773,0.0803212,
1.98551,0.586703,0.95452,1.2465,0.751242,
-0.0901478,1.55373,2.24911,0.23762,0.107957,
-0.120744,-0.0165453,-0.485971,0.132095,-0.462868,
-1.70463,-0.9509,-0.968761,-0.268484,-0.376356,
0.688102,-1.97089,0.371474,0.922442,1.42268,
2.18194,-0.32075,0.758207,0.716143,0.199503,
2.62466,0.482405,-1.78201,1.76555,-0.561398,
-1.56788,-0.160813,-1.6151,0.845346,1.54494,
-1.09257,-0.997643,-1.69701,-1.0284,0.234131,
1.65034,1.41644,-0.0495751,-1.77256,0.777339,
-1.34962,1.34755,1.55418,-0.656782,-0.135318,
0.658067,-0.702718,-0.496545,1.38553,0.459535,
-0.446152,-0.819571,-1.1665,0.906327,-1.38025,
1.14698,-1.35848,0.0370608,-1.50098,-1.80241,
-1.93296,-1.25066,-0.406951,-1.32448,-1.00155,
-0.228353,1.38561,1.43892,0.103755,-1.64001,
-0.403475,2.33354,-2.09627,2.09636,-0.282803,
-0.499733,-2.24283,-0.409368,-1.35769,-1.91719,
0.729931,0.59454,1.86037,-0.463462,0.717035,
0.447439,-2.25512,-0.129021,-0.157208,0.979272,
1.80979,-2.8129,1.02312,1.68997,-0.0612192,
-0.158241,-1.82289,-0.614258,-2.24219,1.85124,
-1.76205,-0.682912,-1.09689,0.620954,0.0990132,
-1.77504,1.23232,-0.629377,-0.552948,-0.040513,
-2.01243,-2.26567,0.734938,0.259361,0.229437,
-0.238354,-1.6634,1.11786,1.21329,0.684158,
1.12126,-1.49536,0.874162,-0.811009,-0.718146,
1.85289,1.06032,-0.860863,2.11421,-0.798988,
-2.72713,-0.582229,-1.3431,1.6375,1.69646,
-1.11817,2.15592,0.854191,1.15786,-0.184794,
-2.46319,2.7081,-1.52783,-0.911842,-0.958782,
0.499955,-0.455497,0.402579,-1.53203,-1.76767,
-0.817968,-0.140617,0.17534,-1.04963,0.660814,
1.24697,1.6854,2.22834,1.0706,0.450193,
1.13064,0.269726,-1.00165,-0.520411,-1.21973,
0.0450794,-1.68684,-0.919221,-0.126329,1.28606,
0.658987,-1.32186,-1.04812,1.28464,0.182337,
-0.980202,-0.903779,0.704995,-1.78456,0.719758,
1.58513,-0.645087,-0.0990728,0.787959,-0.990503,
-1.05726,-1.38328,1.60582,1.45531,0.501891,
2.14405,-2.06108,-0.515721,-0.608553,0.472929,
1.50893,-2.35144,-0.5953,-1.8465,0.267844,
2.61922,1.0141,0.88982,1.09943,-1.13479,
-2.83178,0.368686,-0.400751,0.290612,2.06969,
-0.746355,1.26835,-0.15711,1.12772,1.95151,
0.116235,-0.0670966,1.82215,-0.714047,0.330035,
1.76973,-2.08081,1.41604,1.49814,1.03496,
2.61299,1.59174,-0.0856421,-1.75684,0.840436,
-0.593044,-2.14211,-0.932318,-0.0904207,1.32994,
1.36755,1.02951,-1.55567,0.381123,-0.918608,
-2.25208,0.0604394,-0.350519,0.208973,0.670197,
2.28274,0.356947,0.0374551,0.0615773,0.545479,
-1.23074,0.14868,-0.049988,1.68508,-0.394298,
1.51581,-0.493746,-0.220924,0.665687,0.5533,
1.2892,2.3306,-0.0621558,-0.761678,-1.4981,
-2.48147,1.15048,0.664303,1.31008,-0.888059,
1.86223,-1.35683,1.08018,-0.879707,-0.243605,
-2.23716,-0.485419,1.10966,-1.84997,-1.82373,
-2.28137,0.213894,-0.112587,-1.35401,-0.0475443,
-0.55378,1.1167,0.552491,0.501309,-0.610436,
-3.11966,-1.40467,0.679664,1.67695,-1.59576,
0.949078,0.771886,1.21899,-0.386773,0.909122,
-0.665885,1.28259,-0.255755,0.447447,1.75192,
-0.126474,-2.06293,-0.209834,-0.120702,0.868259,
-0.65802,0.868774,0.92035,1.9697,-0.431877,
-1.73187,0.092435,0.585252,1.39255,0.763863,
2.93226,0.871415,-0.637347,1.12093,2.06216,
0.0741626,-0.80767,-0.281043,-0.739952,0.13305,
2.60998,-1.80539,-2.03504,0.60614,0.944431,
0.126115,0.535576,0.330041,0.971727,-0.957874,
0.545115,-2.15218,1.23383,0.406899,0.0131146,
0.345181,-1.11651,-0.0784036,-0.648921,-1.40268,
0.502837,-1.76563,-0.650326,-0.532842,-0.544187,
0.427871,0.565285,-2.14732,2.03907,0.442716,
2.55038,1.26959,0.703592,-0.236581,-2.04034,
-1.10441,0.692795,-1.27798,-0.921657,-0.463286,
1.60829,1.18869,-0.933699,-0.121833,2.01364,
3.0341,0.673614,-0.0160825,1.18306,-1.02397,
0.663991,-1.00895,0.331594,-2.02548,0.663637,
3.03327,0.836188,2.36557,-0.770372,0.684065,
-2.63991,-0.0794652,-0.0737981,-0.959653,-1.01286,
-2.35254,2.62283,-2.01321,0.331056,-0.378884,
2.6134,-2.03062,0.677198,-1.12076,-0.0518484,
-2.37296,-0.0739977,0.346698,-0.423072,-0.0524579,
2.07029,0.636033,-1.97779,0.906247,-0.335107,
-0.422558,-2.10156,-0.583861,0.441359,0.555382,
-1.80593,-1.64562,0.617812,0.763625,-0.786208,
1.785,-0.35983,-2.12408,1.90018,-0.291669,
-2.33626,0.620801,2.31054,0.527588,-0.0577415,
-1.56289,-1.59391,-0.289913,0.122283,-0.300457,
-2.42856,-0.821805,0.529538,0.827242,-1.42474,
-1.42547,2.64517,-0.840229,-1.27435,-0.538535,
-2.26159,-1.57,-1.01858,0.447968,-0.833954,
2.24574,1.38424,-2.00992,-0.248608,0.513069,
-2.88417,-1.32666,-0.890796,0.94485,0.854775,
0.69843,-0.677961,-1.79123,-0.886624,0.185334,
1.89124,-0.731123,0.000563511,2.26129,-0.147935,
-1.06437,2.37314,-0.168891,-0.34528,0.0675852,
2.51715,-0.2768,-0.205867,1.31099,-1.06308,
-0.349536,-2.00924,0.935917,-1.32898,0.019815,
-2.5055,-0.700407,1.37019,-0.856353,-0.0426773,
-1.34933,2.48896,0.131725,-1.11821,-0.954689,
3.06656,0.749867,2.41311,-0.46021,0.351625,
1.57793,0.97843,-2.75578,0.282857,-0.221424,
0.077876,1.73761,-0.770719,1.19637,0.701794,
-0.183191,2.13801,0.316734,-1.49646,-0.528379,
-2.53668,-1.85452,0.909712,0.692215,1.44899,
-2.62662,-2.0211,0.454775,-0.534246,-0.28364,
-2.16426,0.244453,0.0875976,0.642255,-1.64256,
3.01206,1.92159,-0.568541,-0.654154,-1.00642,
-0.00907707,0.865038,-0.467834,-0.273367,-0.617475,
-0.672322,-0.620549,0.47792,-1.01888,1.42338,
-0.930134,0.292924,-1.154,-1.01065,1.06499,
-0.327562,-1.25096,-1.00596,0.524265,-0.527481,
0.00772716,-1.01274,-0.348965,-0.230001,-0.226197,
-0.359071,-1.84556,-1.99397,1.47454,-0.690576,
-1.48908,0.843177,-0.398238,-1.2982,-1.42557,
0.997254,1.74805,0.780226,-1.332,0.248478,
-0.803446,-1.28519,0.10071,-1.70765,1.35318,
-0.768312,2.15702,0.493569,-1.92338,0.574945,
-0.0289242,0.810803,-0.360824,-0.175,-1.26731,
0.722141,0.998466,0.791078,-0.0271773,1.10071,
1.89534,0.26363,-0.740403,1.14864,-1.27513,
-1.22361,1.66209,-0.873482,-0.427656,0.604149,
1.81723,0.448375,-1.94135,-0.535233,0.197948,
-1.74725,-0.568595,-0.135506,0.266817,1.25794,
-0.669627,-1.55386,0.797613,1.60467,-0.399452,
-1.36001,-1.10726,0.599139,0.456079,-1.27495,
2.6107,1.22347,-0.616828,-0.111112,-0.00564854,
0.323002,-2.36883,1.57056,-0.4547,0.758988,
1.00732,-0.426157,-0.572733,1.00833,-1.18033,
-0.253578,0.215167,-0.110732,-0.115306,-1.8645,
-2.33693,-0.150865,1.24593,0.723434,0.952635,
-0.0221288,0.691812,1.74327,0.160441,1.07704,
-1.80327,-0.861855,-0.478949,0.518301,1.91365,
1.89971,-2.17702,0.816778,-0.686088,-1.56837,
-0.186961,-1.74564,-0.285969,0.108718,0.621391,
-0.385742,1.23051,-1.75316,-0.747732,-0.256471,
1.89819,-1.24904,-0.43594,0.322961,0.230543,
1.98732,2.00826,0.195571,-0.5657,0.129076,
1.04957,0.016293,-0.22653,0.712078,-1.02112,
-1.63478,-1.1806,1.41313,-0.298733,-0.0112174,
-2.43672,-0.64878,-0.130841,-1.9847,0.651702,
-1.85331,1.8986,-1.04098,0.173877,-1.07086,
-0.183458,-1.60898,-0.290341,0.298886,-1.47289,
-0.0114241,0.736779,1.33017,1.05971,1.63249,
0.432668,1.11122,0.554105,0.438411,-0.411231,
2.43145,-1.72832,-0.267558,-0.494967,-1.22626,
2.46174,-2.33643,-0.338158,-1.37237,-1.56802,
-1.8126,1.74011,-0.21975,1.68873,1.88676,
-0.089736,0.550374,-0.24288,0.167746,0.162148,
1.6188,-2.23841,-0.448606,0.584615,0.356161,
0.879716,-0.934832,-0.719389,-0.298193,-0.757704,
-0.859005,1.45614,0.841691,-0.852759,0.513956,
1.43261,1.65571,-0.278058,1.21003,0.428999,
-1.4951,-0.65275,-1.55524,-1.4665,-1.26301,
2.39367,0.834858,-0.798664,-0.652214,0.998789,
-2.56961,-0.225761,0.569408,-1.2843,-1.75768,
1.20001,1.39263,0.0510044,-0.498244,0.80424,
-2.31075,-1.98561,-0.141533,0.114295,1.23345,
2.43051,-1.94552,-1.92106,-1.51953,-0.507587,
-0.532365,-1.33955,0.290757,0.78586,-1.46032,
1.22802,0.806866,-1.13992,-1.11457,1.84523,
-1.19788,0.245696,-1.58364,0.231705,2.6833,
1.37202,-1.48802,1.019,-0.13507,0.376189,
-1.83187,-0.799435,-0.415323,-0.724824,1.82386,
0.949244,-0.0174025,2.3301,0.193515,0.73116,
-1.47787,-1.52328,-0.423763,-0.494711,-0.104625,
3.1915,1.70083,-0.734599,0.192943,-0.900586,
-2.76144,-0.0638432,-0.367725,1.42138,0.53966,
1.77185,-0.0638837,0.476574,1.16748,-0.119266,
-0.178117,-0.823389,1.70841,1.36366,0.412231,
-2.15732,-0.604877,1.50834,0.255792,-0.0572563,
1.59051,0.603061,0.913867,-0.0322021,1.10495,
-2.13411,-1.69919,0.0544173,-0.0184406,-0.825075,
0.194117,0.306787,0.331612,-0.800756,0.858057,
-3.24015,-0.95907,0.239256,-0.818974,-1.35429,
-2.38978,2.74579,-0.440628,-1.93218,-0.449024,
-1.54352,1.92555,1.68954,-1.04962,0.662093,
-1.98522,-2.1896,-1.3919,1.27094,-1.07883,
-2.43682,0.141286,-0.174724,0.0594126,0.162252,
-2.31193,2.38179,-0.62456,0.530318,2.27319,
1.49909,0.265233,-0.455143,-0.219114,-0.225557,
1.53968,-0.252674,-1.48667,0.2699,-0.90693,
0.0307056,0.766507,-0.290866,-0.917154,0.942307,
-1.46576,-0.421365,-2.00156,-0.458614,0.261496,
1.22581,2.04488,0.641701,-0.300534,-1.52431,
1.71713,-1.35522,0.112495,-0.169428,-1.16353,
-2.88778,-1.4557,0.442954,1.76441,1.85476,
2.43606,1.89713,0.0518365,1.39652,0.273861,
2.67307,1.93497,-0.209331,-1.22361,0.577773,
-2.30744,-0.185287,-0.0495824,-1.56738,1.60479,
0.00598112,1.46754,2.17065,0.128814,0.413957,
0.385445,-0.777978,0.503492,-1.72357,-1.32219,
2.1043,1.03364,1.62027,0.843503,-0.152848,
0.681346,1.19828,0.441931,0.0665485,1.51114,
0.0812313,2.37178,-2.20094,-0.779912,0.964775,
-0.305085,-0.868025,-1.29583,-0.212641,0.547078,
-0.274042,-1.10448,0.368288,-1.78394,1.72091,
1.04432,2.02929,-0.87009,-0.168076,-1.13829,
-1.2546,-0.826441,0.905885,-1.13926,0.220455,
-1.29609,-2.31077,0.292749,-1.53042,0.289273,
-2.72201,-0.286388,0.443701,0.496683,-0.676713,
-2.51781,-2.1686,1.21938,-0.303656,0.756013,
-2.58332,2.52006,-0.454124,-0.551432,0.645944,
-1.13046,-0.155502,1.70861,-0.585818,-0.378156,
-1.0791,2.28168,1.69925,-0.18586,-1.66946,
-2.60301,-0.043359,-0.217273,0.0869778,-1.28259,
-0.732849,0.719759,-0.628625,1.3511,-0.169068,
1.54076,-1.75939,1.35866,0.649889,1.06116,
-2.66724,-0.284351,-1.08363,0.246272,-0.593409,
1.82269,-0.185695,-1.298,1.22863,-0.779738,
-0.627905,1.97019,0.343767,1.2385,0.206421,
-0.948035,-1.41398,0.645237,0.412734,1.36291,
-0.935715,-0.513496,-0.30256,-0.246774,-0.191053,
2.52954,0.575655,-0.2405,0.662536,-1.24722,
2.54662,1.42895,-0.38248,-1.72688,-1.09107,
1.36027,-1.98662,1.49093,1.30271,1.03408,
-2.45034,2.39097,0.605046,-0.901819,0.879985,
-1.84678,-0.416541,-0.781689,1.33149,0.390173,
0.231577,-1.16183,-0.848438,0.650046,0.717701,
2.35173,-1.01063,0.0477562,-1.38303,1.31962,
-2.31897,-0.33516,-0.172437,0.34994,-1.2253,
-0.83476,-1.58671,-0.835397,-0.234503,0.410797,
-2.73923,0.373267,-1.77239,0.232086,0.281391,
-0.557962,1.84569,-1.41788,-0.128478,-0.15463,
-0.637701,1.08793,-0.562265,0.162472,-1.1881,
1.44336,0.875629,-0.0343535,-1.14244,1.7641,
-1.22908,0.228462,-0.205457,-0.440702,-1.90633,
-1.3921,-0.872338,0.799583,-0.281105,-1.37982,
1.77153,-2.52564,-0.00976857,0.209242,1.49783,
1.90575,1.13588,-0.998775,-1.19155,0.765145,
-2.69986,0.746968,-2.31364,0.142974,-0.540284,
2.57114,1.20871,1.28306,-0.746805,-0.331644,
-2.00202,0.965346,-0.247816,-1.68704,0.364458,
-0.390029,-0.513957,0.17798,-1.04089,1.71621,
-1.14095,-2.33748,-0.166294,0.0316975,0.122654,
2.49373,0.574865,-0.136665,0.941045,-1.18929,
1.93051,-0.227009,0.146539,1.05228,-0.506433,
0.707555,-0.943828,-0.954233,0.195938,-0.549311,
-1.02218,0.874266,-0.542143,1.40197,-0.577854,
1.35694,-1.97058,1.76669,1.28672,0.716509,
-2.06351,-0.316785,-0.0178087,1.09309,-0.0232959,
2.94612,0.236112,-2.02226,0.784259,-0.84702,
-2.53336,-1.66557,1.76771,-1.44656,0.0501298,
-1.96901,1.19559,1.02795,-1.21419,-0.0246194,
-0.882964,-2.45456,0.38281,0.679644,0.250693,
-0.962595,1.06866,2.23813,0.509483,0.341998,
-2.85086,-1.12998,-1.98408,0.321868,1.20438,
0.640713,-0.33347,0.44331,1.60303,-1.52428,
0.192103,-0.331198,0.720919,0.423463,0.925669,
-0.209606,-2.29504,-0.765297,-1.0055,0.850617,
-0.951178,-1.98745,-0.945513,1.99182,0.855551,
1.37586,0.779864,0.732801,0.257213,-0.0786417,
-1.04895,1.51058,-0.700558,-0.955787,-0.218629,
-0.0888258,-0.330332,0.865372,1.53158,1.24964,
0.355627,2.07765,-2.41846,-0.535912,-0.537011,
0.919731,1.13416,-1.02302,-1.24235,0.194853,
-2.64663,1.27643,-0.464221,0.9246,0.165739,
2.31975,0.258954,-1.15132,-0.723608,-1.56443,
2.69732,-0.93589,-0.429726,0.894089,-1.65592,
1.63358,1.00638,-0.948046,-1.2558,0.110605,
1.42309,-0.176813,-1.51046,-1.23412,1.02024,
2.40832,-1.5655,1.07379,-0.705829,-0.47335,
2.00028,-2.24311,-0.417546,0.488616,-1.27534,
2.28,1.67565,-0.228283,0.847313,0.313714,
-2.84721,1.06447,1.50955,0.758175,-0.729539,
2.78197,1.0397,0.907599,-0.444184,1.22382,
3.05806,1.81611,-1.15951,-1.74902,-0.88281,
-0.165014,0.600519,-0.125606,-0.611717,-0.0318395,
-1.50242,0.298159,1.72769,0.129559,0.154257,
-0.740737,0.719482,0.738118,-0.835879,-0.0697925,
1.50864,0.18475,-0.834455,1.02772,1.46615,
0.205744,-2.1619,0.248452,-1.12497,0.653832,
2.13431,-0.341441,0.374287,-0.434269,1.55797,
2.25312,1.57731,1.28664,0.0797868,1.41614,
-0.130451,-0.239661,-0.127134,-1.42247,1.12242,
-0.0718687,-0.161715,-1.19592,0.718783,-0.803866,
2.06398,-0.268375,0.439699,0.68724,0.411058,
-1.17488,1.74936,0.996865,-0.138436,-0.0176671,
-1.70267,-0.928981,-1.41918,-1.58614,1.99903,
-1.35507,2.20493,1.14795,-0.416716,1.37828,
-1.41074,0.61063,-0.0549392,1.85676,-0.360748,
0.962615,-0.815848,1.10439,0.781624,1.00145,
-2.63853,-0.694911,-0.886275,0.346367,1.34687,
1.01353,-1.49287,0.108922,-1.38418,-0.896619,
-1.55242,1.05727,2.63486,0.154273,0.761915,
-2.01716,1.99486,0.225966,-1.86111,1.00601,
2.34264,1.95829,-0.352016,-0.561463,-0.278551,
1.48417,-0.33306,1.42408,-0.139984,0.396619,
2.34915,0.0646031,0.174927,0.285458,-1.47975,
-2.7485,-0.264647,0.615714,-0.581578,0.205198,
2.55159,1.41767,1.5038,-0.598333,0.197854,
2.58412,-1.55098,-0.315541,1.33253,0.957946,
-2.50445,-2.11553,0.538453,-0.529263,0.577182,
0.144775,-0.885621,0.0943208,-0.247331,-1.01644,
1.22648,-0.0264804,-0.684451,0.239285,-0.868369,
1.86605,1.05448,-0.592076,1.5508,0.39634,
2.22004,-1.85402,0.140939,-0.909767,-0.993782,
1.95351,-1.06345,-0.403691,-0.670765,-0.219046,
-1.26815,0.951392,0.40807,0.98753,-0.612758,
2.86803,-0.836906,0.962665,1.03816,0.67097,
1.64514,-0.229454,0.631031,1.79045,-1.65573,
1.01507,1.86789,-0.446347,-1.49473,1.85453,
1.34756,2.27831,-1.02061,0.466063,-1.12273,
-0.358935,0.676821,0.982395,0.379509,1.00612,
2.75867,0.329226,-0.985426,0.0393789,-0.0277545,
-1.70948,2.0281,-1.42593,-0.857673,-0.421507,
-1.81087,2.54423,0.622736,0.389242,0.604163,
0.254604,0.616526,-0.129965,0.816277,0.138936,
0.590999,1.5083,-2.23892,0.690119,0.624856,
-0.666979,0.440029,-0.958893,-0.461932,-1.01942,
2.45492,0.616223,-1.17966,-1.78254,-0.385755,
0.145648,1.78728,-0.157757,1.40095,-0.71272,
1.5824,0.943283,-0.698908,1.25337,-0.979556,
-1.08187,0.111105,-0.481528,-1.19193,0.58133,
2.21422,-1.78369,0.124174,0.669394,-0.972962,
-0.563705,-1.81542,-0.248395,0.908794,0.811552,
0.821115,1.3166,-1.87384,0.357204,-0.843449,
-0.429147,2.04448,0.986881,0.535228,1.51812,
-2.05317,1.49298,1.70945,0.609848,-2.44801,
0.679966,-1.62746,0.466145,-2.12237,0.297661,
-0.201665,-0.0437423,-2.08865,1.30879,-0.0456154,
2.7636,1.55836,0.477731,-0.914751,-0.304662,
-2.41426,2.13914,-1.39724,-0.981177,-0.820781,
-2.7076,0.854269,-0.471525,-1.53145,0.561388,
2.23092,2.12639,-0.106807,0.235862,-1.38692,
-1.17604,-2.00253,-0.22714,-0.0784078,1.1883,
0.312663,0.197532,0.313519,0.947666,-0.572277,
2.36045,-0.577366,0.749505,-1.41736,0.574009,
0.79259,-1.02246,-1.16029,2.02185,-0.266464,
-1.12097,1.83734,-0.937748,0.135981,-1.24795,
-0.793748,2.11506,0.292518,0.427749,1.13179,
-0.103787,-0.192694,0.335098,0.885653,-0.711223,
1.07219,1.94419,0.609128,0.290382,-0.743745,
-2.57467,-1.87875,-0.621997,-1.23977,-1.29218,
-1.22625,-0.142449,-0.945397,0.286331,-1.11421,
2.48267,-1.83281,0.135354,2.08321,1.11936,
0.759715,-2.06798,1.54257,0.978189,0.346903,
0.965138,-0.126471,0.873456,1.11904,-1.2509,
-0.320511,-0.560189,-0.506946,1.02991,2.17085,
-0.727014,-0.41992,-0.767281,-0.40799,1.35225,
-0.735187,1.36604,0.0249484,-1.20458,-1.67056,
0.45859,0.758107,-0.577476,0.8038,-0.0107679,
0.659058,-1.39169,0.634212,0.214605,-1.49715,
1.69901,-2.10707,-0.0663003,-0.353401,-1.6143,
2.66803,0.879848,-0.118627,-1.17484,-1.66159,
2.12737,-2.58826,-0.921972,-0.783906,-0.764749,
1.87292,1.27652,1.07263,0.19879,-1.17477,
-0.312436,1.23125,-1.73867,0.41816,1.12911,
-2.2632,-0.552223,-0.132551,0.874656,-1.75524,
0.516775,1.33897,-1.02853,0.336254,1.21159,
0.742964,-0.254812,1.05455,-0.16481,0.0570396,
1.5473,-1.17002,-1.33382,1.63964,-0.687414,
1.33948,2.0562,0.0957713,-0.184336,1.4953,
-2.53862,1.27321,0.13418,-0.284484,0.2561,
-1.58843,1.53319,0.72323,-0.14815,-0.117508,
-2.08844,-1.00527,0.26415,1.61004,0.778629,
0.524299,0.686468,0.167484,1.42272,-1.92769,
-1.20561,-2.11842,-1.28186,0.829583,-0.944959,
0.134989,-1.95853,-2.12312,1.25676,-0.839221,
2.50179,-0.307768,1.3164,-1.42246,-0.48509,
-0.948475,0.845679,-0.501442,-0.265021,0.00896492,
-2.40828,2.46355,0.361427,1.90919,-1.15217,
1.65114,-2.78158,0.210454,-0.566611,0.541443,
-2.563,2.73602,-0.855202,-1.82475,-1.34542,
2.1867,-2.03519,-1.20283,1.96341,-0.977816,
1.75655,-2.14536,0.846284,-0.222086,0.639462,
3.03041,0.721081,0.292388,1.39749,-0.100085,
-0.694003,0.658668,1.3424,0.693565,0.444206,
0.852093,1.24079,1.05735,-0.913446,0.780112,
1.41023,2.20975,-1.78954,0.0765784,-0.760977,
-0.67019,-1.98243,0.89562,1.16425,-1.39804,
-1.08237,2.0217,-1.10967,-1.38532,2.1711,
2.77847,1.6673,0.458424,0.215278,0.307417,
2.47985,-1.32366,-0.43452,0.446277,0.87364,
-1.32771,2.34924,1.30128,1.2969,-1.6117,
-1.07748,2.31659,0.984811,0.392324,-0.658943,
-1.9075,1.83727,0.536291,-1.71988,-1.36715,
1.14088,0.10635,-1.37682,0.279839,-0.903204,
-1.28109,1.51242,0.178682,0.614289,0.358765,
-1.74487,-0.404197,0.925093,-0.497754,-1.56136,
-0.757829,0.9884,0.762294,0.15454,0.268875,
-1.18689,1.24596,0.462792,-1.26558,-1.22705,
1.71969,0.236636,0.795254,-1.13027,-1.39848,
-2.61352,-2.03924,-2.21723,-0.0193709,1.14932,
1.41459,-2.71982,1.6177,-1.46618,0.52211,
1.10599,-2.01582,-0.640094,0.245773,2.02048,
1.13945,1.69081,-0.889895,1.64754,0.135841,
-0.0213228,-2.34728,0.667105,0.707832,-0.420471,
-3.01287,-0.841431,0.651186,0.0561334,-1.93403,
2.65697,1.36603,-0.269782,1.09563,0.959544,
-2.39086,-1.21825,0.696505,-0.761678,1.18521,
-2.85385,-1.96958,-0.474823,1.77468,-0.482112,
-0.455224,-2.09501,-2.11504,-0.903091,1.45762,
1.31038,-2.04346,0.606252,-0.722256,0.809972,
-1.3017,2.07751,-0.49409,-0.921403,0.254073,
0.877338,-1.48963,-1.34314,-0.0378557,0.269618,
0.546625,-0.448667,-0.748501,-0.040028,0.983662,
-2.916,1.30204,-0.924566,-1.22779,-0.37112,
-1.51086,2.26798,0.543953,-0.208607,-0.231579,
-0.644255,-1.15169,0.0494986,-1.36726,0.164786,
1.9253,0.876692,-1.76857,0.902835,0.735404,
0.0403711,1.77522,1.13277,1.09085,0.700753,
1.32211,-2.35702,-0.39771,-0.845431,0.150178,
-0.777179,-0.838777,-0.619405,0.551435,-0.783945,
1.81292,-2.49013,0.848208,0.265273,1.17502,
2.95776,1.22914,-2.27475,0.055098,0.809675,
0.669346,1.90521,-0.330966,0.66244,0.865086,
-1.64268,-0.797552,1.0599,-1.3457,-1.4677,
-1.90524,0.604147,0.163465,-0.742993,1.02907,
0.793772,-0.967888,-0.040522,-0.131461,1.52531,
0.188165,-0.562021,-0.462618,1.71946,-0.700939,
-0.42407,-0.894345,0.580546,-1.5469,1.27871,
0.824751,-1.8844,-1.88606,-0.129179,0.55973,
-0.52061,-1.32954,-0.121134,-0.373983,0.0741308,
-1.87182,0.272767,0.0104757,1.77166,1.4704,
-1.71207,2.30994,-0.841643,0.211228,-0.97263,
0.808548,2.1486,0.8335,-1.37286,-0.0800227,
-2.93236,-0.341366,1.80257,1.51914,-0.621152,
-0.873205,-2.21806,-0.775634,0.791388,0.124727,
-0.448881,0.677923,-0.208175,-1.48924,0.509894,
1.6455,0.990217,1.03797,0.878117,0.162412,
0.416623,0.667272,0.810767,-1.13247,1.21511,
0.931825,-2.44621,-0.142566,1.26446,0.912512,
-2.16122,1.04374,-0.377909,1.06488,2.19453,
-2.26889,2.41087,0.290552,0.556511,-1.33926,
2.13036,-0.222797,1.50455,1.35151,0.688142,
0.129608,-1.45995,-2.09608,-1.89169,0.409326,
0.529181,0.57708,1.93985,-0.723502,-0.531503,
1.01406,2.12083,1.39838,-0.570884,0.625514,
-2.25893,-0.635603,-0.454885,-0.32824,0.117586,
0.39202,-2.18819,0.402006,-1.92529,1.20873,
-0.305563,1.99831,-0.0494531,0.161078,0.779745,
1.04995,0.0838545,1.15252,-0.182664,1.09541,
2.84676,1.36795,-0.936699,-0.110641,1.27792,
2.15598,1.93285,0.763465,-1.25257,-0.416342,
-2.66968,2.29861,0.259301,0.227176,0.689668,
1.0117,0.802228,0.840639,-2.41941,0.854211,
-0.470238,1.87636,0.831598,-0.0703129,-0.301106,
1.37834,-0.602545,0.280969,2.01959,0.633172,
2.02839,-0.438292,-0.879454,-0.128262,0.395091,
-2.46896,-1.57669,-0.94079,1.39438,1.58727,
0.594386,0.0550478,1.3189,1.54007,0.176621,
0.164566,0.726344,1.26122,-1.35224,-0.889624,
0.939046,-2.44167,-0.455047,-1.97116,-1.80762,
0.224665,1.02384,2.12516,-0.129622,-0.131925,
-1.90803,-1.28235,0.189097,-0.111631,-0.512858,
-0.144378,-2.10806,1.95228,0.359503,-0.469833,
2.43807,-1.9826,-0.425653,-1.85824,-1.5027,
-1.92906,0.921319,-1.15438,-1.32967,0.0677574,
1.66064,-1.15955,0.560188,-0.110105,0.645346,
-1.99793,1.21637,-0.723911,-0.0553788,-0.716164,
-2.67727,1.50938,0.80535,-0.548962,0.987428,
-2.03156,-0.911693,-0.427762,-0.772923,1.66521,
-1.87186,0.989116,-0.60177,1.32688,-0.0525294,
2.41816,-2.69078,-0.582484,1.84768,-0.771771,
-0.913019,0.637457,0.0791188,2.03445,-0.770369,
0.00469232,2.41973,-0.377578,0.148936,-0.836645,
-0.292649,-1.43795,0.915382,1.02121,1.30976,
-0.117927,-1.76376,1.22896,0.902567,1.29074,
2.08549,0.189312,1.72841,-1.69992,0.665935,
1.7466,1.39277,1.67578,-0.595899,0.245982,
-2.7104,-1.82442,-0.738695,1.18908,0.692591,
-2.69997,0.0404768,-2.04413,0.223156,0.879219,
-2.66167,-1.8353,-0.475815,0.620234,0.471244,
-2.9676,-0.673336,-0.919998,0.58231,-0.756889,
1.9003,-2.02116,1.87617,-1.77341,-0.0982393,
-0.0794439,-2.01726,0.765342,0.0361306,-0.726811,
-0.453094,2.33177,-1.42599,0.393414,0.860533,
1.2161,-1.56632,-0.301725,0.118744,-0.799876,
-1.99263,-0.141678,-0.110512,0.49649,-1.77205,
3.03626,1.83616,0.148183,-1.68802,1.68592,
0.648029,-0.143624,-0.366341,0.379196,0.945478,
0.592126,2.16157,1.25291,-1.91754,-0.991854,
-2.77919,-1.80797,0.338101,-0.336633,0.94238,
0.986486,-2.15366,0.809901,-0.147583,0.688282,
1.51687,0.953468,0.201339,1.79296,1.5318,
-2.3827,0.651614,0.505264,-1.05028,1.24449,
-2.47222,1.6497,0.0646365,0.541055,-0.611803,
1.05067,-2.14865,-0.941414,0.280609,-1.23733,
-2.55697,-0.0404636,1.14738,-0.333874,-2.22769,
-2.84849,-1.38405,-1.16609,0.00947738,-0.794723,
1.28583,0.842059,-0.830236,-1.06682,-1.11555,
-2.19134,-1.90711,-2.57355,0.0377187,-0.51631,
0.850409,-1.60136,1.82464,1.01799,0.34803,
1.24964,0.297875,0.493352,0.834609,-1.4214,
2.36943,-0.589325,-1.54708,0.346668,0.460215,
1.28756,0.54853,0.923965,0.46279,0.416041,
0.447857,0.232126,-2.10653,-0.0058989,-0.629617,
-0.691712,-0.489292,0.05064,0.684082,1.4067,
0.840785,1.89772,0.721608,-0.420235,-0.691369,
-0.180251,1.82091,-0.874014,0.459601,-0.685624,
0.980465,-0.101857,0.610337,0.36585,0.607838,
1.20204,-2.36325,0.905658,-0.758592,0.933862,
2.27917,-1.40429,-1.44276,-1.04375,-1.24718,
-0.120268,-0.0677357,0.158108,0.367327,-1.13478,
2.31697,0.423945,1.83965,0.780762,0.903455,
-2.32503,-1.07023,0.978659,0.0102229,-1.96395,
1.97569,1.47344,0.081093,-1.198,1.16275,
0.449637,-0.0538142,0.715179,-0.676426,-0.373746,
2.08312,0.950967,0.715727,-0.376964,1.14142,
-0.651804,-2.45092,1.30555,-0.861798,-0.659632,
1.04352,0.540791,-0.757228,-0.101658,-0.445399,
0.464652,-2.40915,0.676302,0.0670043,0.968186,
0.87465,1.34908,0.0713088,-0.382396,-0.427363,
0.0146026,1.46485,1.45439,1.95693,-1.40822,
-0.0948109,-0.104241,1.67854,1.10023,0.143183,
-1.41573,-1.86318,0.995662,-1.18348,-0.353503,
-2.55761,-1.54861,-0.458577,0.513831,0.650922,
0.524822,0.325026,-1.02609,-0.258899,-1.22858,
0.929279,-1.03526,1.82981,0.320413,-0.502709,
2.00863,-0.311292,-0.560905,-0.062398,1.10101,
1.11578,1.9745,0.297068,0.467094,-0.976886,
-1.77176,-1.66874,-0.00683678,1.1105,0.016174,
-1.70456,2.3093,-0.555029,-1.83065,0.755327,
0.250582,1.59369,-0.237788,-0.182434,0.852904,
1.27339,1.85435,-0.0922044,-0.728132,-0.840164,
0.578722,0.259473,-0.636234,0.692101,-0.0399188,
-1.46327,2.08205,0.810951,1.53012,-0.0192893,
2.27581,0.165903,-1.54378,1.97085,-0.534689,
-1.68915,1.02206,-0.671214,-0.202709,-1.00755,
-2.55802,1.64664,0.41476,0.0581664,0.433475,
2.69512,-2.18174,-1.84209,1.83427,1.14725,
-0.681978,1.44321,-0.867944,0.265866,0.220764,
-1.28379,2.08666,-1.03082,-1.33344,-0.403883,
-1.67595,0.28409,-1.06821,0.150595,-0.469597,
-2.96023,-0.301826,-1.29058,-0.253752,0.701047,
-2.65012,1.7338,-1.1527,0.706229,-0.88228,
0.0889554,-1.24709,0.425052,-0.759177,-0.665939,
0.679218,-1.63176,0.745103,-0.173447,-0.447843,
-2.54339,2.29456,-1.66204,-1.64674,-0.161278,
-1.28453,1.58191,-0.896745,0.985131,-0.1526,
1.14062,0.741221,1.69727,-0.0546399,-1.72039,
-3.13492,-0.66984,1.26355,-0.537355,-0.964491,
-1.04523,-2.03046,0.0321349,-0.507951,-2.10855,
-1.25365,-0.0616327,0.232394,1.70071,0.796159,
-0.0589035,-0.518592,-1.32186,-1.48802,-1.05845,
-2.05556,-1.75736,1.12299,0.0248667,-0.825946,
2.36573,-1.21707,1.56547,0.0851807,-1.42633,
-2.05383,0.0653459,0.386379,-0.575424,0.502257,
0.815965,-0.283967,2.08645,0.574124,0.193369,
-2.2892,0.756908,0.563194,-0.83158,-0.123724,
-2.3022,0.985854,0.439397,-0.580969,-0.535246,
-2.5464,0.516949,1.28363,0.930997,-1.50993,
-1.44859,-0.0580694,0.43891,0.0741232,1.71385,
-2.71142,0.80132,0.178741,-1.36702,1.61102,
-0.761682,-1.05001,-1.7447,1.17893,-0.273246,
1.37337,0.285775,0.49081,-0.0439604,0.0711891,
-0.492134,0.299449,1.54112,-0.580521,0.754478,
-2.59384,2.10735,0.409486,1.624,0.535399,
1.30226,-1.90242,-1.65376,0.445554,1.03456,
0.862847,0.775849,0.471378,-0.570451,1.8349,
-2.17127,1.31494,0.0827895,0.911721,1.2051,
-3.32793,-1.86937,0.0541834,2.24961,-1.53841,
-2.21864,-0.702384,-0.648205,0.25225,0.165747,
2.39253,-1.7685,0.700665,0.533851,-1.49832,
1.69363,-2.30962,-1.89179,1.87781,-0.780302,
1.54235,2.13443,-0.646102,-1.80052,1.85881,
-2.86512,-1.10161,0.962035,0.692121,1.31812,
2.44059,-2.53045,-0.602359,0.217967,0.0377651,
0.54669,1.25417,0.891296,-1.6772,0.0771971,
