0.8130929107926531,-0.54377043271477,-0.10676535018376578,-0.34766373887325397,-1.2198256588897225
0.6356166512368638,-0.9394191846108864,-1.350831302336012,2.0138294900727325,0.5475995566163542
3.1382008401061046,1.0906619415222656,0.685959212963488,-0.019576164226804076,-1.1563747140347018
-0.5892478590313402,1.079486331508502,-0.6414856235240693,-1.6521101676591883,0.01619456045675704
2.396408174580868,0.1151303203743849,1.0411954678854198,-1.9812463691230333,-1.12587894224653
2.5304658198362655,1.3403964874259846,-0.216064887049417,0.35806526112866965,-0.44525061422109
-0.9970156524476781,1.6910397911650263,0.13237937338332387,-0.8117961716713252,0.1525872683303056
-2.089379989770934,-0.1300188955630298,-1.062312933545654,1.7664770361969526,-0.35771859990578886
0.7345380565169076,-1.887615403939588,0.0023537557281200164,0.3288571965693776,-1.043631062973835
-0.9438087633225677,2.0483242433811895,1.0837138340407544,1.2093621551106284,0.40742380057356115
-2.334470565832863,-1.199847961132344,-0.7779691799085303,1.6991008498850553,-0.8310640731620467
-1.3190327244124707,0.10367996167171331,-0.23102174463454087,-0.9951460109158783,-0.32651520614035434
2.12432861618602,1.4439809072788328,-0.3713513813118034,-0.061126624489625206,-1.1115416695659892
-0.6536653287872487,0.3439141452405605,-0.30613941201394396,-0.13115107619416866,-0.7231974415198902
0.49518339361548025,-0.48953603857823685,-0.4921463437521631,0.6637673416670793,1.1485794523258863
-1.6827730354106791,1.9186058193616622,0.2253402146697071,-1.1865531049749267,0.09442901155775327
-2.302194248792841,-0.8887751164567466,-1.3007708409356278,1.450277028606869,-0.34625941935919924
-0.6129930524550916,0.1430631782040275,0.43974779205784825,-0.09753061526280658,1.3228286021400126
-2.2651266798037972,2.312247658970294,0.81270147137273,0.5142666202518483,0.29656827948689357
-0.3737996946883786,-0.1579271007644041,-1.2939600200735943,-1.4959308325357827,-1.298954461990727
-0.8927878343626039,-0.9670420502665851,0.41788547046237223,-1.7266854076273759,1.3107212675860633
0.34580652621545616,-1.0863474848901342,0.5964711626691838,0.26676856072312355,1.7132898718069822
-1.907604551429888,-1.6259217839428879,1.2115237850235157,1.1266774964280237,0.6506929787000395
0.680907433067578,0.8711548933979604,2.101806919962319,-0.38137821279216894,-1.6236907332148218
0.8970669337951666,-0.8652802950938585,1.2105452754905095,-0.13512700881479842,0.8060883676889885
-0.7260744874695004,-0.39476318454721754,0.94907627220448,-0.6654993809376254,-0.46620747050024447
-0.01800790357962143,-0.25680710839435483,0.27286663500853997,-0.6247208269341343,-0.8476851796762804
0.48282171674124474,-0.4902920630727392,0.5742279259762779,0.3011385647969858,0.6836134930291976
3.0246712785989027,0.12065031419165809,2.2769565203930724,-1.2179488946120136,0.7761228644586041
-1.762492802460111,-0.6577974018553456,0.5512906596486106,-0.5955580052922531,-1.4912124370290856
-1.963045657717223,1.653206446229559,-1.7927790588972774,-0.1722627576246076,-0.8485070740960244
0.27447606976981337,0.9799476070556954,0.40057316308814944,1.257867015340529,-0.9964085041508002
-2.799636015549453,0.11536748106420815,-1.209002093483127,1.2891116781108525,-0.4737637541125735
0.998295787580851,0.763767668101357,-0.3406669241161293,-0.3395673421685573,0.01595433626399934
-1.7732330540073429,1.7505609909882303,1.715609457628546,1.1320682199670735,0.5331064565904662
0.3889119021026255,0.2165309645683829,1.6010561374460603,0.11104471425815096,-1.5505281243581746
2.0474120351948275,-0.764785347315147,-1.072866083447428,1.0925739265664438,-0.5872303642248126
-1.527994832474663,2.4523401429038514,-0.9686527642241197,-0.049090998954924095,0.07187977940467556
-0.756038495183127,-1.7999858118977812,-1.099166497990288,-0.6249714098570125,-1.0122910579657
2.7304813800215237,-1.981226336203409,1.9755850362902363,0.5998948355545849,0.9408251870833036
-2.1129069804825362,1.6780344131881446,0.0028392631671872223,-0.04295609705749996,-0.2710278583127793
0.6571767602734451,0.4477303146947628,2.1127600795764248,1.5198516233520063,0.5144982308338858
0.867947031082599,-2.160939875762951,-2.480432802981011,0.062385937387727665,-0.03027947897177117
-2.45300239372301,-1.9081094334613073,0.04326711914679817,-0.5276687081281048,-0.2820478448005531
2.870923838001009,2.0223638958969055,-1.2219089514023291,-0.7439545471994816,1.4026609147796638
-1.6236152596165012,1.1712890740144704,1.0278289115014696,0.5439277257800771,-0.12636172928264897
0.8749291776120922,-1.2302738806027205,0.7436359426146939,2.114245836558015,0.5534806362780939
2.5593005949335046,1.726087971297447,0.6780762585495553,-1.6577612423012118,-0.9265708561846707
-1.6248270919752994,0.4432521176640338,-0.39894855190926465,-0.46853913084783777,0.7368138379449115
1.0700432457641889,-0.48368115709883863,0.6606813325985603,-0.3249098312529092,1.3450737034782172
-0.5783040163416926,-1.7910320123783254,1.1859456427333632,-0.42536218175632984,1.223962283250159
2.775707506810396,0.43531768273894517,-2.360391682681091,-0.48989516175373454,0.6481792402718514
0.6906205070246767,-0.31125367890913813,0.43550408629336534,1.4441092582083306,0.5816039546674884
-2.0671898777060833,-1.9390451178880221,-0.20419580512568863,-1.8714935828444375,1.0061071778709232
1.8426910700947767,-1.8152797746866236,0.10107773345071729,0.4467814020706704,0.19932677025286907
0.27925942427071626,0.1668532232399702,0.33011970814022873,0.2943558261544369,-1.0803629751483155
2.1402628993341137,-1.3932977209279567,-1.3476906346751296,0.05649276054050494,-0.7441324485648461
-1.6274406016733862,2.1218307273785086,-0.8110047007750154,0.15785264379964745,0.8757430084756405
-1.750610465744677,0.8511820956884203,0.7069969486243636,0.22613785858772145,0.8712124773446319
-1.9006469448796637,1.4894315444076067,1.1209438093062847,-0.47031614670562416,-1.2500423271777443
0.672923243997905,-2.2261305114247967,-1.759555508231466,1.7863094726324864,-0.5260561190120486
0.1285275088424138,-2.285836602057832,-0.9624596555113498,-0.7221122975341651,-0.8852598329598218
-1.5700362566903514,1.465021190854126,0.7067480725278801,0.3880637642071923,-1.934989183908728
0.7736549820307419,0.33320682938420326,-0.7891568256573159,-0.489077032630299,-1.3882725896964294
2.372810685213775,1.2522631051627404,-0.30873623500334685,0.6797756749264537,-1.4744244862424505
2.8551083123974412,0.08013097023000333,1.4992730433854025,-1.623579136597465,0.290413980617179
0.9688065031540865,-1.8734761298186675,0.1938093992821893,-1.1814094373391102,-1.763700669236603
3.1750270053586367,0.9193499615287553,-0.4202990432693012,-0.4356634565314064,0.9109176716968531
-1.2281471153076868,0.5093288504273733,-0.06892796350108675,-0.7367779113926025,0.6038772274953841
-0.7796448184080815,-0.8684786381245747,-0.13398161980148715,0.9849061845689512,-0.9861353540694702
2.4931452517414727,0.2944345523355361,0.8632269477313813,-0.4086369779248405,-0.8260802614482265
-0.29745617576080874,1.0371560879074033,-0.14736876095845838,-0.7612761958502678,0.7844477203369694
0.5119262975004448,-2.2533538552428505,0.7472555446286269,1.8446105332757377,0.25290803636972004
-2.5042806008556444,-1.9079105286322093,0.9625733397105518,-1.027968671068542,1.549972302936262
-2.4366401662185284,2.5565150673911705,-0.47208686517579856,-1.436534600502681,-1.4392176809222832
-1.3495119741093664,-2.0625450196050616,-0.32817567261122604,0.539039686411066,-0.3326230107517912
2.574634973411114,-2.4089219134862296,-0.923484274124741,1.722498252313284,0.9260048368530304
-0.5819976068871378,-0.9957393939888476,-0.5480197464983084,2.1988103319491983,0.05435726774178177
2.3378394555322766,0.9059409516646275,0.14915691980651716,0.6604034886857799,-0.32597998820607094
-0.3852906348362998,1.4959688598629373,-1.4146152563603414,0.4752736606281206,1.5794592256381899
-1.2232628519069857,-0.10515488588525261,-1.141656231666661,0.17207901061036615,1.4359714191400819
-0.011168087788710741,2.5239511940871444,1.3900038711754188,0.9206302107354102,-1.7445326010043372
-2.1733193898091847,1.8248219545122348,-0.09962303719089134,-1.1466442740539369,0.6975942319419753
1.451417101389672,-2.1703063971222285,1.2733804824589108,-0.33445913926930737,-0.5144573438403048
0.3166149541499182,1.4899979952918943,-1.8106639802468045,-0.35338491245907183,1.0448229698136173
-2.476303390497317,-0.6126827995652772,0.9137669000711734,0.6576420277453513,-0.6260349584477526
-2.840617629241036,-0.6935117500058071,2.268076027499995,0.05196666526737399,-0.4235105804461464
-0.7789538581840969,0.7498311243276384,0.15392447266562573,-0.39618467578033234,1.6834937933558694
0.7148094005770128,-1.9545483782879158,-1.020937032188569,-1.7036438003259653,-0.5726821205157127
0.8900919862025536,-1.5386199258804565,0.9454479271495808,-0.2526350369493379,-0.004359902766478093
0.7255280237380352,1.2658840233255735,0.8906486516014113,-1.805853780835931,0.55963546950213
-2.411676587386725,-1.7445274932637507,0.44052171967132053,0.916088054941481,1.6668977481759633
-1.5411274330752462,-0.7037971580713678,-0.8385911135590978,0.023162030147559347,-1.2273290740039267
-1.5119279967153614,0.5842988629604908,-1.8769086551932492,-0.6356234631006167,0.015217714159314492
3.0533114984876017,0.9132170614216185,0.5477362558173323,1.6155716372375633,-0.1519972473559506
0.86989965811131,2.3126038473657333,-0.42695102631891024,-1.4686855171631479,-0.3142494212676711
2.7704100369359597,2.0314805862109053,-1.3348480931653397,1.5037042928872073,-0.8082586093073961
2.6994916051989817,0.011422850917653656,-0.43615740225802885,0.013453585331046309,-0.3204390837773364
-1.7311620424387937,-1.188318203894081,0.491451723804065,0.07617812685446852,0.773355596391612
-0.7960255257946817,1.551717289155823,-0.24300180629316823,2.142431553237608,-0.5395204616585759
-2.626269125589042,1.218019350736944,1.8764125776753016,-2.1585618965168565,-0.376091725132348
1.5940826131655423,1.8982168596029398,-0.89695355085853,-1.040714709141673,-0.4829792875724531
2.436940920946102,1.5553141986587524,1.7409237973528904,-1.4034975812211596,-0.6096548166717269
2.6649250986073754,1.9503537251818703,-0.7871453139203713,1.0642869626981417,-1.1185207524085323
0.41996389174011256,-2.4206602593498387,0.12223230354812911,-0.6038804278117346,-0.7790757708869532
0.8895645656240251,-0.06270673190043585,1.485295526316408,0.1717900344486879,-0.5409727840900381
0.6360235810635022,1.7538501491203093,-1.7507582008311546,2.0539150815024696,-0.027375507115031967
-0.6597469717831466,2.3873765203877504,0.5624386270820232,-0.48821030598141835,0.01018700154196273
-1.64516524679411,-0.8244615207852213,-1.1981168226817789,-0.05672976377481808,0.8110923478823512
-2.586981841474311,-0.08376645986130789,-1.7847538843200572,-0.537092018059321,0.7556658401291646
1.9712829271445036,-0.8391390552603902,0.18865628084161204,0.9766826823859989,-0.7035269674939151
0.11855227980239237,0.9287091445433081,-1.1999455580362948,-1.3849392409194135,1.7025048365043802
2.9661612926301424,0.31020793914874123,-0.1315773237854918,0.2985877260925948,-0.6104444931792916
0.8207582170968594,1.9051652596728805,0.45290971433056376,-0.37125321389679755,1.3757820693916052
2.5010643011996114,1.1781288847510152,0.0560263760681354,0.7406088926817387,-0.07252138508674796
-2.8521717066770074,-1.490103082628452,-0.8788413083074387,0.8482166969135672,1.8939236455030426
-0.7464845037917516,-1.8766329201368501,-0.504685393150947,0.6095593974283834,-0.6346159766254382
2.5940606233219947,1.4118911133925172,-1.2299087781033533,0.6406376381563825,-0.9586585481870611
1.8812310349512547,-0.78766788124585,1.6629694142469238,0.10126794605423789,-0.04325441313740721
1.599816843080059,-0.23313121499056888,0.5730314304215754,0.8340642057087491,-0.04642827156191623
0.9305453478871385,1.6447823271400688,0.38229235216194124,0.364301785939472,-1.2877534559387647
1.4834456122568054,-1.532484097705128,-0.22874563385195767,1.57830703230132,-1.2798846600542189
1.5803064266553466,-1.4929635069185279,-1.8420505781401793,-1.1481596708662813,-0.945134463457118
-2.471483828659558,-0.7232243877181467,0.8751103754332096,0.3759549035871859,-1.3237154190123288
-2.8066209261860138,-1.2854425557668339,0.3170230731290072,0.172281221985609,0.33409481664504775
-2.4373828142564786,-0.2888877967870396,-0.028482018866183945,-1.7227724405710003,-0.908571751823174
0.33606417843209835,-1.6554898441056776,-0.6579728310772645,0.7730221057958594,-0.4346582976428012
2.3390158337343263,-0.47964018432157907,0.5692875358069406,0.2654241838189644,-0.6358407090329986
0.8062103863067449,2.0460389014446876,-0.31637133841421294,1.743601425843794,-1.365638718654101
-2.1514910527499578,-0.3035632152595545,0.4202385737014023,-1.1088632578476132,-1.6451742110771768
2.1495634881086088,-1.4577583044608635,-1.119856536435255,-0.0010063839158465742,0.6888015513112413
-1.6925753656888731,2.215916238947613,-1.908471630195656,-0.8391972464035521,0.7627368030943718
-2.902612332644301,-0.08749652815891895,0.3730705069156202,-0.9984443733816466,1.298803559815591
-2.2677237575654665,0.9346757162453126,-0.46016056715246817,-2.0540680099417816,-0.22783084728241385
-1.6026705304353284,-0.0917095712232539,0.6311651468097119,0.9780499595286483,0.6228707775799395
-0.9597490357437023,-1.1392197016742467,-0.7564742885203594,-1.6405954932378617,-0.9229132863411775
2.6314174876334304,0.17341280771767606,-1.1317945487130172,0.37031251401149123,0.047253829840619495
-2.1504470539805864,-0.1723723307331434,-0.06221999724865164,0.053984227091206816,0.9555038715941563
-2.692909322658348,-1.0887320502357747,1.2965677109580946,-1.643076785932096,0.5331318972588962
0.6841068967209526,-1.0378755778777498,1.2554298555351497,-0.018099763291670304,0.5921429667937433
-2.463600477184671,2.7595344235082444,1.2012671029238677,-1.1558906477632618,0.26509130428585287
2.508603671561079,1.9593842805178363,1.493108281597658,-0.6117902585435104,-0.7858843606450708
-2.216302362024828,0.05816310647916654,-1.5909971135861503,0.24949273168363345,0.17156304055474209
-0.983645064662853,0.2489205109977562,-0.8213978962313001,0.5881878975324772,-0.6368911530651973
-0.23935008180829043,-0.005307162006100143,-0.4147973927816994,-2.215554029350663,0.6256709457493339
-0.7122341453824445,2.400343671336646,2.757936568882752,-0.42618544288500393,0.15960398132588105
-2.875162514926155,-0.8505562728954285,0.9869278898756088,0.09216401512057357,0.7742308755570384
2.072927384077837,-2.7401589349445685,-0.6064665080208734,-0.7927552730303687,-1.133155953525102
2.282729438553612,2.0713390790846566,0.20190669473745984,0.3601632207924416,-1.8626867887413554
1.9767565917091405,-0.7619366679304805,-1.227699390841597,1.634674567402733,1.1273480797565334
-2.628034927723993,-0.08086922454513022,0.8924845159188549,-0.39806124073893306,-1.7262561172045423
2.4642407609938224,-1.5870275502908273,0.1263157960372229,-0.3693103386461182,2.1065257569758713
3.1002389745259284,1.732818317131,-0.8148458339662012,-0.20487531109930862,-0.21748048924166394
0.7025173550178703,2.3419144812097636,-1.161729100306279,0.38204513741455903,0.924610204719333
-1.714220385426145,1.2703155483061197,-0.15168065363537034,0.07352824175400034,1.328392237919559
-0.3835631993939952,-0.35559581967318726,-0.371886085151068,1.1540451720647136,-0.3597982798032833
-0.11527697075361625,-0.3643174088020796,2.258002055309316,-0.6327616267982505,0.7271161940718398
1.5908115612957785,0.41063461960995257,1.3864914457969715,0.06892608401377454,-1.969087258470394
2.482139352299377,-1.3573374686766722,1.5678002798092505,1.3413974896322887,1.2116872567748558
-0.5466862647139064,-1.9664217969383786,1.2344449476834294,1.0766216785791116,1.5515526367587893
1.9840106941128903,-1.649044677037989,-0.21377249790288644,0.8971310448897772,-0.4190712425520356
-1.3142227332566767,-2.0645479375027698,0.5672695669780262,-0.5785514048124883,0.9057463397569221
2.751887582187745,-1.737575084496409,0.63260068674064,1.2847909183356172,0.3346208684337018
-2.516046076653691,0.41289954317224575,-2.2632503304073843,-0.34477349573132077,-0.620028639785845
-1.2755810148702413,0.14117255194710865,0.27479790624069,1.0334203882838287,1.1163661070441337
-1.520726324388874,2.0824039830270324,-1.650962405177366,0.26682865603398975,-0.4822364745680906
1.8693745333772045,-0.33663599290286256,0.5580620883291478,1.0060194642211966,-1.8669591347533745
-1.7310059806391562,-0.022998882148698142,0.32250503660870167,2.1033552422175874,0.3512339831907484
-2.663819801422791,-1.5216346290793066,1.6796598625207635,0.8318568814623206,-0.8022939918748421
2.1367429789905117,-0.8674962231238251,1.6624359524783368,-1.4458830682816313,-0.5228208499141968
1.126040756635915,0.9369045881118894,-0.9699702652931811,-0.5998623659915824,-0.22244579088251543
1.1527940401276286,-0.22244122719514514,-0.35732919280137504,0.13891078453255631,-1.6546350485580494
1.6848957216623153,0.030542846169646795,-1.8031288495402484,1.022142363557368,-0.16630651860126186
-1.3657538614501445,-0.10221020257988515,1.498998828627511,-1.0846656610475198,0.7505245724392798
-2.717915155268134,-1.3955509269513784,1.5846437453049027,1.2120871462806164,-2.4002319350001162
0.33140037836930286,0.1706202194238329,-1.7847195462936105,2.211864723252178,-0.699207886176401
0.3189797204780119,1.4948472611787544,-1.0800774475754265,-1.8521487331256237,-1.1715298955406368
-2.730598949913724,-0.7734114024104081,1.1537169141856418,-1.251517270805433,-0.29040184125860813
-2.189688122488606,0.4050025393103008,2.054257837061998,-1.189945057489625,-1.1629752646594067
-1.2970111812382392,-1.0866668136909778,-0.412369314021542,-0.01776247266549111,1.1277604105601056
-1.2984274290192146,-0.8749881409398813,-0.17466311877975269,-0.6977736030476612,0.6464662115698282
2.757855974600711,-1.964212588212576,-1.0463211520049625,0.17090651560463133,0.5427798764275273
-0.6203026075006178,-1.7211976901340538,0.793956720265695,0.9680844839451329,-1.8738210516871034
0.214923848246187,-0.5589285859810119,0.7340032357882755,0.36427188716848996,-0.42442329687744046
0.3212202452611477,0.4058213078557075,-1.6811063637167516,-0.5030813980216646,-1.06492378191493
-0.5877089220010282,1.5063287410404373,2.164539482593788,0.5982780375743284,0.18950066002111776
0.9683534809144706,2.1715649043575276,-2.003929972283792,1.3195229109836546,0.38486249989332527
0.6453061762490051,-0.9394476729624791,0.47171057700587155,-2.038503705699518,-1.7358431390397464
3.263923037307701,2.166839195328822,0.8621748341036455,1.1526215772069524,-0.07307661709716232
-0.010058757670881739,-1.6407693890081092,-0.27833723176325115,-0.9368894130629161,-1.6388617609241227
1.867457534459369,-2.3738025452196063,-0.8069509526829804,-0.9859388287315619,1.312988080057224
1.0042017170027822,-1.3868253596446494,-1.9952108948224772,0.5250944187707293,0.3509650942997595
-1.2120112884646206,-2.175454604497743,-0.8667287318009543,-1.1058631673204333,-0.6483693180800348
0.39138882931143487,0.8946437590033496,1.9100183842987581,-0.6435803667294913,0.413422481224221
-1.1973708548919477,-1.5694814081665986,0.26078059653252916,-1.5189011295386388,0.9957818815349365
0.7070356956225136,1.9479857520916966,-1.8600591071717012,-1.3134411048596828,0.535079484059785
2.9246950304040653,0.9263247336428879,0.29265151560373764,0.4348898277208787,0.7825265848452729
-0.44848697402528637,1.6896569656781184,-0.4656720409559868,-1.0379923758903176,0.6165079439798978
-1.9690303576368569,-0.6367862806443136,0.0604031807523001,-0.18742752841174556,1.0973742552282557
-0.577525131468384,0.7416118409041612,0.4021002851172759,0.044970908993775996,-0.5105164967498231
-1.6212906395217805,-0.21927740276994603,-1.154075994653703,-1.5576401259782666,-0.3609134769549433
-1.746316385738421,-0.40145515844633967,-0.06700668091203477,-0.2015900824960271,1.4912440968981358
1.5724320947118275,0.4236544873614693,0.1195791001248114,0.8016927933340623,0.15279672691208374
2.6393954240899706,2.04493892471642,-0.21838753309770212,0.6547979606997674,-1.7399421379709548
2.952235031850179,-0.4434394729453502,0.33238530976520736,-1.2814732700551912,-0.553221590655399
-0.3440809492266508,-2.1167433352592107,0.04472807317791794,-0.17499520131481724,0.8412275128504113
2.3557002768777573,-0.6616683956068279,1.8999065187404287,0.820156213679417,0.8137362398025657
-1.196573139875503,0.19286712106395798,1.214454206519068,-2.0049639928046084,0.6241360221938979
-0.18351922464243767,-1.3479509548997666,1.0203877845251377,1.0724302848199205,0.8671145888016039
-0.9466606040589121,-1.4570928966165486,1.1706956455425428,0.8901200305755096,-0.6506898842240587
-2.682567902140879,0.7953013620791451,1.7371835794766255,1.2391321431786335,-0.07490850865464799
-0.5512316575208915,2.4023827320152935,-0.36955836891181254,0.23593487309724362,-0.058647190884253304
0.4914156751865796,1.6687330457945786,1.3358062369299122,-1.4677551348889317,-0.8879665442145173
-2.6698701914318272,-0.4844928098744938,0.10313350402825754,-1.30466936509431,1.3034325905395903
-0.2161684025095114,-1.9254405451649514,-0.23602521113766892,0.519982168607644,-1.1689391388161605
1.2900761718119194,1.874800723317987,-0.2538800742340817,0.5020658437635339,-0.6980725821025695
1.3297068703760087,0.3794411852239637,1.389582974325704,-0.0908740510911979,-0.6212382493100506
1.7940493087088751,2.188373919089745,-0.35045307142364784,-1.322337652764908,1.0188288858917942
-2.195331570743342,-0.48014355894740174,-1.3397149251676188,-0.670662900687428,-0.038640852943939576
2.6105162414448757,-2.4361843676545125,1.5020822622300574,0.651274322835205,0.3436622448851339
-2.3848577771104056,-2.0221274632821244,1.0831588762324655,-1.1270142030341492,0.42973962578920943
-0.06531636473412686,0.8954726196263898,-1.506230202261342,-0.8928450282621756,1.1253371813212252
2.7243271756523852,-0.19694249273271297,-2.4235244888842815,-0.4034093425495264,0.9185378824230233
-0.7746110470599237,-1.8761522867844798,0.12263331429619022,-0.37729376085880306,0.6847236452014518
-2.146058814868686,-0.9205794146343727,-0.06858065228978243,1.6644589368307057,1.7919213861434256
3.1062928258480462,0.8786796648927664,0.20368618387437443,0.727664271102433,-0.1154515293513188
2.865663627428156,0.060278555018972065,-0.6184982757864217,-1.7302926637714569,1.4496196046790164
-1.9088224329847425,-0.26230157454110037,-1.4929563510785104,0.8359197245024576,0.28084354092886643
-1.545521079369467,-1.3877562610086123,-1.6314179653073893,-0.251501142983051,-0.6770788591000786
1.4984489616537842,-0.2927375446243778,2.1351209688794843,1.3778797442579185,0.8885662019662377
2.3146624828590503,1.4589843381448682,1.114047081226759,-0.3605036262085995,-0.22380407642839684
-1.7692175381151085,0.9724942982769067,0.6318005361444501,-1.2117044958374914,-0.5748505215438912
-3.0610029240968477,-0.9287611909082862,-0.47475097145270895,1.7524399939429187,-0.9971066572437823
2.150405223549171,-1.0162842278112685,-1.163566172102645,-1.6367775079268678,-1.2776824596985172
-2.2118112695114034,-0.855049216177068,-0.6645623553448554,1.7642337339730039,-0.8768999259321619
0.43137152716420496,-1.7934872212720083,-0.462500083676183,-0.10715830981926978,-0.14684754061541785
-1.1499541331584626,-0.06138320184908151,0.9856399667197633,1.6039647089930689,-1.4191932777613039
-0.3967738942069837,1.661761115209705,0.07186637705450001,-0.3694519155961183,1.6571840938518285
0.8138565562982306,-2.144672601094314,0.20092820781063,-0.7593163465529025,0.23047302076472115
-1.9203150859079656,0.8899752908274534,-0.7735919658437005,0.026336579786061437,-1.7795215499341854
-0.3059693611176872,0.3512870516022591,-2.3635172020141932,0.4875521766169229,0.4507470816242046
-2.4891765573049316,-1.3406028315472565,-0.5334826549357357,0.5706757709234965,0.11660520337983536
-2.6664165670002595,0.15882886018663836,-1.3076179572242972,1.357065613879613,-0.22776831471729173
2.948081474732009,-0.21506055611233163,1.9599192284815772,0.4527162452921551,0.6530833263104625
-1.128400094277573,1.389221851952004,0.3690955064084808,-0.2562845191946429,0.4906748523028062
0.2580591099105314,0.24286098692863697,-2.206515685013568,-0.8731112339025006,0.23483871363737188
1.0383314844015081,1.1377332960397353,-1.2864209933885278,-0.3506594777497354,0.4368618471775421
2.3040518773693943,-1.2827269755533584,-1.6301423859798228,-0.33535743334038565,0.74096215691808
-0.16265984495074878,-1.1335660829257799,0.31104568155415185,1.0923953676035014,-1.7129726327904062
-0.3327051212752892,-0.21826433345932433,-0.6777930012684829,-1.4038018593033526,-0.7055237502999799
-1.368623496407339,0.1574003978712497,-2.7413632828477263,-0.4954996041178644,0.06009103230797389
2.528311398778274,-1.089719013281795,0.8394596955287255,-0.976631388633345,1.552621590862343
0.8311739164566357,0.3017736482733064,-0.7105653026243872,-0.44854111888449605,0.33261509857050714
-1.1441301569452704,0.052846353442628315,1.3530612424351685,0.9472737025464901,0.3277290028761137
1.0400468083417893,-0.28303034198527066,-0.053817592779045034,0.23739091471747234,0.9793623952884796
3.2397398086664757,2.090094180680414,0.3696163526240188,1.1093272504769618,-1.2527568603498869
-2.3534190560150057,-1.7135938832478914,-0.7884124998450471,0.7844319444775779,1.3450311657972156
-2.0009622701107723,2.277726426899938,-1.1500849044878805,-0.630283485874499,0.5474457497935971
-1.0985069699296324,-0.3386808589049051,-0.6076371801480099,-1.406936113406304,1.0328225941726592
-0.719906537264638,-1.7736496863527103,0.568067560919074,-0.3816608712770926,-0.20701287051460604
0.22334047224263331,1.470485716540365,-2.0828111660663375,-0.5474831205282787,-0.2968096005884998
-2.208013874419074,-0.5869827510002055,0.6273198603115548,0.7423293722537044,0.09882995535463257
-2.0422877949220504,2.659094515712463,-0.8629479311581308,0.3676967904491031,-1.296471221390963
-0.22993898664008564,1.2147188544273115,1.0209478548067565,-0.7424314806500358,0.3378714421231855
1.5310829647493152,0.13434765681905106,0.7524712031183538,0.5869691808723887,-0.13664553793281753
1.2832516135653178,1.3613566652009634,0.6059137836502367,-1.785546842321917,-0.0967859087833003
2.9629346128933363,-0.6410884738068504,0.7652758813884493,-1.7098393007240826,-1.470191709394892
-1.9136155141594187,-0.4828783430486759,0.8698189292625373,0.31675895895430156,-0.7621791384120313
-0.6393803908543271,-2.3517647174250578,-2.6050246343728367,0.30369259760023576,-0.012553434647747748
0.6991871081054966,-0.6038043217808793,-1.33599972489738,1.4350735161076007,-0.015248105306703825
-1.0472476725151076,2.205680043480254,1.3725733546361825,-1.3454319753651425,0.6453206340731371
-1.759957405613898,0.9381733976133099,-0.47295484520664116,1.1987585661262012,-0.9504012802658299
2.2534466915269484,0.6338468797889407,1.1471576953745648,-0.9846567597328024,0.9844383223138892
-0.5585137444695206,2.5300952790095708,-1.2516422488424805,0.061380832515697537,0.8832045886657861
1.675710608605152,1.035090865889965,1.681077823877447,-1.3687214426215144,-0.3528847177396555
-1.903201243940211,-1.8321355951491298,1.1761267120430665,0.3268906050724437,0.48049642065392945
-0.1603048940343919,2.4663811577601717,-1.2227059846916175,-0.23867792684583886,0.6163405094804454
0.18636097610457109,-0.3041271531049849,-1.0812768547469378,0.131255029500049,0.08356486310782613
-2.4802155355532585,-0.33120483739071155,0.12410771183741749,-1.2087113191824015,-0.09583439946972458
-1.038177302965713,0.08486926780910206,-0.6396468694754617,-2.067674607320783,-0.533357651664011
-0.07385671728212288,0.18739600172738274,-0.22227294287761476,-0.6743007401725205,-0.09684927338652055
-0.6032935496800894,-2.0522030654614096,1.6294395713025547,0.08510859167993591,-1.3691487490515861
1.4273646031150407,-0.41384275771826706,2.947528091955805,0.5723426164365715,0.6635625312024391
1.6413712275730743,-2.519837923532307,0.33606181231775,-1.728930381220748,-1.6294157373523328
-1.6476942602139009,2.4064414922312922,-0.2001760918702561,-1.6634291497640679,1.5361140220668206
0.44266123420595127,-0.018184432209155724,-0.8730101033259102,-0.504471507145011,-0.31114100025821784
-0.7179185987672008,-0.5901751480707952,-1.3348668227055867,-1.5926836453806352,0.9730313542766484
-1.563496246679313,2.2769690562986766,-1.497591083261066,-0.864007018043822,-0.9350422791699369
0.8086462417977588,0.21267060188394438,0.5831554327148447,-0.5473788529853603,0.019622904345461427
0.8086808431735979,2.358617916044537,-0.4507330209772236,1.2417269468757353,-1.1819087872197356
-1.8402966484937624,1.309074800480713,0.401181406621383,-1.7215726735729795,-0.8566271719216363
1.0879645303505652,-1.0444331880046278,-0.38842240262512795,-1.8954165115255688,-0.38809636483600285
-2.3513999794137495,1.8338830362608276,-1.253960701349067,1.352017679408748,-1.0801693725485166
-2.3456813418084583,1.6785730151690215,0.2641881722928894,-0.7821551286328909,-0.6123471408745195
-2.4986739885620586,-0.236979923453869,-0.6206371260593453,-0.7456145278960273,-0.6841573376633683
-0.35723096208876837,-0.08679634007839473,0.8487491087794957,-0.6576577843279028,-1.769153828712464
-1.1971910921010487,-1.2222203534319371,1.124466154788183,0.6314918801003849,0.16750554470372567
1.208025979913065,-1.6519811369650006,-1.2205047076044306,0.7022557277045006,0.969019817529722
1.4314839840642086,-0.5774530461252756,-0.6469673192230831,-0.767408184474834,1.5727518722634632
3.058475180950305,1.4021534788510692,-1.103788338246726,-1.4054540730580594,1.3197188683689365
-2.193367240105656,-1.951645171103516,0.2580627184961082,-1.3951323109671774,0.8396202284117283
-0.13974478501874063,-1.4698011994987603,-0.5389553237478223,0.4862733057594436,-0.1916152088988243
-0.4697995415737094,-0.32740515514638985,0.2003948381762469,1.660332897858146,2.0206888227514406
2.592592830665538,0.5325010749861181,0.3260107116505908,0.3912641671795223,-0.30913478439661607
2.7375040632598555,1.22939455938682,2.1699092106761784,0.47589239979304965,0.788501548902464
-0.9819950843336258,0.9937786534091197,-0.2790483266365736,1.5835322941117085,0.8869296996630058
-2.620666695906975,-0.7081992225332061,-0.8308338565188328,-1.0235455540571765,-1.165219951376543
2.9252317539761803,1.0598429964225564,-0.4892433127925073,-0.13992826285837107,0.9233442509648453
2.4138016526954456,1.0837125765129554,-1.0205209215359945,-0.4747806566896358,-1.0511714995795176
2.5860949297859057,-2.0624613795569355,-0.09928660883306602,-0.47141543650117185,1.8569411213914266
2.2165364490405244,-2.2964027013539297,2.2321672326956263,1.8153402688151388,-0.4062042258637275
-0.2745807113842179,2.3506136482831286,1.6778646288808685,0.25022674536927203,0.9632330607168662
2.3426213194072845,1.8817515075084401,0.08785536638075535,0.5523853357199643,-1.044176398230693
3.0911429620689446,1.544446753655174,-1.0621430706458352,-1.3393570748227897,-0.8960189268732274
1.6612718682384886,-1.0003641604133962,-0.08998563608266938,0.19724910260082507,0.05507780660389958
2.0117259669408325,-2.557083525338238,-0.7035292412162368,0.26127047939653236,-0.8618547335761316
0.7472653603014838,-0.2666042577999789,2.128035994469325,0.5921347271365552,0.8899129644806713
-0.4278243131554547,1.066947388526977,-0.6034491879308268,0.20386819769948605,1.684106918186617
-1.3801649022401938,1.6141421224048376,0.15482730584291285,0.6317813035358645,-1.619918046491213
-1.543684140667577,-0.7529525225614575,0.7270832630899088,-0.14781002477767582,0.5314749021382329
0.20348594216130683,-1.1326237365076437,-0.7798604178706099,-0.8166113318766356,0.9613433907652819
-1.7548683414632034,-1.7443635247467246,-1.7743631145295236,0.728254403897076,1.6462815639228934
0.2682322949311308,-1.7782522616986345,0.9255707673430497,1.9380043927634925,-0.6136119748621822
-0.604180587056764,-1.2819087900908885,0.03935209011891181,-2.040952757390823,1.550160521127209
-0.2793372931455166,-0.6584525752501069,2.0477545807596576,-0.5102445363483753,0.1490054751511142
1.8810797144178408,2.0152121461438024,-0.1380812073946855,-0.17244030841394595,0.215800900770909
1.899118908596064,0.6187289962003302,0.151441564833105,1.329825490587975,1.3456026519859785
2.2641477090911204,-2.2632486690861016,0.8552507563144323,0.34659890038953733,1.4712048651922898
-1.6153464947688814,0.2366553545023562,0.2564175894645031,0.6198960099902643,1.041360900223725
-1.0113825473059144,-1.071946644292942,1.1116687657999134,0.6286994042666526,1.1017485536690987
-1.374340999414034,0.43628330909769075,-1.3391469529861453,-1.0048460237916297,0.18999924715385202
-1.9150194186625193,-1.9922193748421464,-0.17529447302289075,-0.5853129322582231,-1.1955661447528303
-0.45159308744398313,-0.43274873319093704,0.5121722396123469,0.02320745062969495,-0.8422613970695837
-2.410375887251949,-0.28504963737556804,0.09041065352658402,0.837334757959976,-1.3823936088142281
1.7628964008332397,1.5731175244964726,-0.6647406432119569,-0.04737822440401276,1.8658674909114217
-0.9236840041867628,-0.44429515098668837,0.8942438705344825,-0.8366542412625932,0.1806113016830398
-0.338268934525349,1.1741590882028303,1.5114310542321179,-0.3578114569102705,-0.417647209931495
0.06114553183492521,-0.9299561806878699,0.22811347515254043,-0.8097634228887318,1.567684293496614
-1.367014849499175,-0.7789770287758212,1.0509312781158864,-0.44398127967803486,-0.4632064472940301
-1.9936498049659508,2.1388403905299476,-1.4337188955889981,-1.8735613249723928,0.2492042289114583
1.1361612838241777,-0.47833125965969625,0.478820305401776,-1.6078441909454873,-0.5567406223494181
0.003057203607450975,0.40950512613041157,-1.7115231629729428,0.884977013618858,0.20233174092716535
-2.3229368046934553,1.4337195648794463,-0.6961822760458934,-1.600812613557472,-1.277870905570157
-1.9226642157139773,-0.018296227771834084,0.6228944921412058,-0.7340228618516372,1.1040046371974215
-0.830622481004649,0.9047284278936424,0.9903463589577208,1.2513817631584387,1.0728879592326719
-0.5609474178931564,-0.22820331949925227,-0.005204615353687794,-0.7239467338514862,-1.2090192452477229
2.5053826684306406,2.014284298442039,1.2806818756747105,-2.0606418805083924,0.5271670216846156
-0.7002486334949147,-2.1811011309048456,-0.5558246725442998,-0.06948704566385504,-0.7358503485132827
2.8179983624386624,-0.6719917002543379,-0.8543764526628587,0.47216415042770016,0.5118267919159458
1.4796702411764378,-0.9084523705210051,0.10909519271980629,-1.3945069310635003,-1.1112129978042855
-1.4401502330629554,2.6219546282125883,0.8022161492156613,0.8870478884331504,-0.6049018861688539
3.204468869681797,1.4731265312696586,-0.8860596495186954,-1.931279172517349,-0.8778921937624434
-0.11538280233716906,-0.6183601711532297,-0.7537949820843695,-0.024134270611332075,0.4930225299621108
-1.5788535546461453,0.1287612010208105,-0.7422314794016556,1.4655777941983796,0.695812933123107
-2.591006603636714,0.00708590704948777,-0.730471874792055,0.17676428366147237,1.30538344819125
-2.6148656023302195,2.5413594131193187,1.3924297464193676,0.5291242092122105,1.0891945545648545
-0.9112182506397054,1.4277799721435778,-0.6915516683862423,1.272492344290058,-0.34832324064317066
-1.5731001170117402,0.8072396219248396,-1.25032173947569,-0.19305294443910426,-0.4652650442640797
-2.478894610486157,-1.7586073109444724,-1.300134365410821,0.4059208000355277,-0.8297575747897756
-2.211768818546956,-1.3971896834167465,0.5911233212263822,0.6354486439943883,0.5574908614578917
-0.04991021124019418,-0.7277501634864233,2.3967024351011856,0.5882438469382638,0.7549739984169443
-2.088066431571391,2.2701406580179193,-0.26271920499210616,-0.5389899103602965,-1.408531550922443
1.1416871299213798,1.0021629051113115,-1.1201339008157536,-0.46113278783637474,-0.9384600654816379
-2.124560226891563,-1.4350717812752274,-1.0256159819408188,2.2367094904535505,-0.45616394934340926
-2.229870233332008,-2.022005945584189,0.23990005486047028,0.31899090126067026,-0.7148332630002163
-1.7856407574429394,1.7078726085107065,0.3390354075930045,1.0682221081225094,1.4106962982373628
1.023234068615635,0.35977535446258346,0.8827274458192801,-0.6229250275281707,1.3659442920104172
2.998115848071425,1.0690093744676705,-0.25473827473807864,-1.6157739043791837,-1.0047617520327632
1.2023692769853633,2.2887396991276274,1.4463094570324484,0.9503754284871732,1.1187034623025227
1.0654209781016444,-0.9301223779996278,-0.6523276969072211,-1.5320227862437397,1.6237622652265642
-2.8014957593363174,-0.7158407342624498,-1.0186498038205276,0.8950461783668935,-0.03242424149994866
0.19914660585458624,0.2512612160355137,2.121197116716695,0.9836177831429161,0.9231357278281956
-2.9353108081262067,-0.5939120538301399,-0.48404166255994274,0.9614397982864669,0.16065639796834735
-0.7692373498249994,-0.5240518491851034,-2.1068804692216263,-1.2747431151015178,-0.9952902910511694
-1.3998633798298077,-0.8123023954530145,0.2248449065331627,0.6458621652786132,-1.3568194652012278
-2.365100653142477,-0.5493319644016091,-0.2565396433196064,-0.9291070462089395,-1.0452033469347461
-0.677498805976856,-0.9371569197357515,0.7337516130389229,-1.3909556972511579,-1.125133485628214
-0.7343604862751346,-1.4635214634681764,-0.37083669092047133,-0.803689247073966,0.5251544807517117
1.6666750709443277,-0.987151764813605,1.9170999239097297,1.2335229973415476,-1.0114478505351336
1.3170118438236242,1.3798266640905594,0.2861720174944944,-0.34545440922688386,-0.19942438314003605
-1.5562268803239032,0.14474146746753005,0.26193157124423067,-0.9195567209073214,-1.1797388205490593
-1.3189056900478453,2.2853737221203163,1.5998656625869874,1.2428791462410447,1.2882368129524127
-2.298206313054287,-1.8796637511501277,1.2041179379491005,-0.13702839878570092,-2.2113259896988153
-0.05743225187233837,-1.4778257802526007,0.6527328724480826,-0.10545179935661868,1.5186721553962643
0.5667971807282687,0.11859518717570455,-0.007894330398577086,-1.542150745254226,-0.8630758238571724
2.2649896523590436,0.6378066035729131,0.30959066110185524,1.2182517174792251,1.4928302669299482
-0.29668542915358254,1.6625140870979773,-1.0118368444932242,-0.50687858265142,0.07030337945599512
1.8793809526704943,-0.11888769355610902,0.16806366329364417,1.9777198339224753,-1.345275279040627
-1.3360113658853228,-0.012163924850589128,-0.892584719729566,0.4884375313819905,0.887673284782174
-2.410524585611767,-0.7125412465655017,-1.4899045009720604,-0.14106914127491674,-0.23508911216418896
1.4797676574084435,1.916556007649154,-0.032285951707481206,-0.43817738680013946,-0.5002813959789831
2.0810974754670326,0.38355115306169796,-1.1555104483959238,-1.3501665734260262,-1.326817332813983
2.033800591800771,-1.5647262281201102,0.20521545824531634,1.042049508291238,-0.5104720958435262
0.858100100727902,-0.14827608064344605,0.7537200061558855,0.6800886317271039,1.6236305589742213
-0.3085884058878023,-1.8032242962177214,-1.6107387819164423,0.1517965158492569,-0.8599190764298724
-2.4895454341190972,-0.4459617105835193,2.1805866227360764,-0.8781112892629588,-1.094359529292546
0.41779597367684074,2.465570212358511,-0.24392180170604957,0.02997669746668227,1.7641021193935502
-1.3253698371721454,2.109985603916599,0.9076618333487816,-0.9410412450212979,-0.7405491516137241
-0.4478242394808346,0.6804453430432911,-0.645593877050025,1.129201975266404,1.1035099766544219
1.0784228542410756,0.5792733701402036,-1.0801623585682159,0.8611392120085979,2.4708127458852283
0.5082696450140017,0.243508176482805,1.4556372419926609,1.2123993102119854,1.03906478374479
1.3301444645183538,-0.5648941570015986,-0.6216799187208447,0.5742554557531021,-0.13845866820933553
-1.417056522160751,-1.494025702291555,-0.4511786312973279,2.537388105925364,1.1538879877791717
-2.2899306673587727,1.273476141674764,1.3342894041504858,-2.404797478464458,0.4525186840681959
-2.0497597185937355,1.8505926479192778,2.22864097832527,0.171624287646638,0.35954033985231487
0.7441858721125778,-2.331815989751297,0.295012619139325,0.51210520491427,1.15413743918211
-2.0669228675974773,-0.6556762461861637,1.6343374282494305,0.2680428673446671,-1.0904425591728442
-2.3504251729242354,0.3233720195659714,-0.5393110870327648,0.15014029404809442,-0.1091465973527567
2.4713579078165755,-1.361546403941539,-0.33847682174573973,0.615695452855928,-0.5432504729630351
2.324455206959766,1.8443052739242682,-0.1736907572679473,0.3873205545685743,-1.681922631530793
1.9050644048609826,0.7759521240667661,-0.08819213045200466,-1.1855975642979397,0.26277738112565574
1.9141442834530882,-2.573679753779687,-0.16896632082562468,-1.9580797735531332,-0.8437050233116951
-0.07921031606756433,-1.1811706776320336,-0.46904655728598127,0.24772481070617944,1.8928720185521
-1.9950694834960352,-1.7111800276333295,1.269283978670805,1.514099405423222,0.1916247217374529
1.4958880960227594,-2.512483732131158,-0.3517105723864679,-1.7019192632755051,-0.034249853669210954
0.6684312276132551,1.3413622863430759,-1.760161648873067,-1.5628163869545784,0.37993109718575996
0.13946719554707554,-1.3939367058903553,-0.42347342447926417,0.3408210833766336,-0.20916143382137306
0.8364630338110148,-0.5000947289299589,-0.25248283389916926,1.9440640198129417,0.7503369527329946
1.7012088461265782,2.2194911531323114,1.8249661523776683,0.5083628497118197,0.2537300261066858
-2.4042292010677078,-1.5674531771850668,0.049562974020630514,0.0790938092400546,-1.126911122648526
-1.7728576389235358,2.471330091962043,0.06483488188777133,0.5896303260740455,-0.6572336703306956
1.8838837087474611,-1.8153965034348456,-0.4048092432422864,0.38296992927008616,0.7424930245957718
-2.606073529914305,-0.7752330930956213,-2.657755607243711,0.07977690142896673,0.051881324789895204
-2.756226683575246,-0.5694724565218557,0.08180205901321162,-0.24658062041113998,0.720168783011948
0.16919646848180603,-0.9402789322095025,0.004797625684897571,-1.5521199492008912,0.5578519033847217
-2.955127777321795,-0.7524431695338604,1.3786080344972964,-0.5535221329193191,-0.8259658371793935
0.29946060228525273,-1.058277280316725,0.6331269985022643,0.9953250006018,-0.49077458202618096
-1.8665577290605502,2.08005971045982,0.9128694382655889,-1.4430543476753526,0.6258311599341662
0.724626279823532,-0.1759541349592418,0.43647033639399657,1.7283730135404414,-0.7296595118434471
-0.49221920668500896,-1.8879170719696574,0.2659737046635899,0.9842223009211946,0.5961426879229762
-1.9473507758029227,1.9594123204013731,1.8939912979616027,0.04055183638443099,-0.35626694248807145
2.5734209922365165,1.0822701084890696,1.4612060744060262,1.2737943273706596,-1.777957851222071
1.194310357517425,-2.226646355062515,1.022984675827646,1.2553856837050583,0.0010931185466381878
1.6398474279919406,-0.9371714706983274,-0.6112672011334246,0.11742008668995951,-0.7593089001520816
-0.9442105231977773,-1.9524588733445283,1.5025531862782782,1.2936766392414534,-1.2424956780665406
0.4588552101096427,0.009092159410346638,-1.7227316799461698,-0.6325162022642334,-0.8674275974013899
-1.2399997630884183,0.29643462872254817,0.30600619800229373,1.770860330011753,0.16868544308810676
-1.8125697297750336,0.4306905088862757,1.6796920708012972,1.7777251466543587,0.08032093778270123
-1.985509684377898,-0.5867032694926104,0.9545201473264845,1.2465012645682687,0.7512419721148513
0.09014782485608595,-1.5537254234613493,2.249112801403491,0.2376204477582694,0.10795585594694887
0.12074425366050917,0.01654531783836952,-0.4859705537793476,0.13209477201933006,-0.4628674908935303
1.7046300911045686,0.9509000949993165,-0.9687612480071429,-0.26848448079669024,-0.3763553910917125
-0.688101911970693,1.970893957183816,0.37147431841730716,0.9224420291970193,1.422682509552533
-2.181941917169141,0.3207501550901642,0.7582070529013082,0.7161428882897245,0.199502811649592
-2.6246616567208254,-0.48240451325456807,-1.7820061571747026,1.7655534330297755,-0.5613982335489678
1.56787600332286,0.16081339520361815,-1.6151005212713387,0.8453461678971409,1.5449408316065294
1.092567866405124,0.9976434548044965,-1.6970073169616822,-1.0284023197111045,0.23413179242862556
-1.650339834046919,-1.4164410555571387,-0.049575090725311924,-1.7725589117301994,0.7773387859425308
1.3496221256938532,-1.3475476678283675,1.554181682418591,-0.6567818893614021,-0.13531807393287132
-0.6580668366966139,0.702718493987098,-0.4965453572911,1.3855263159484512,0.45953515102522224
0.44615203520793084,0.8195706096260825,-1.166504770526867,0.906326800615157,-1.3802518211355252
-1.1469822694908216,1.3584834522364206,0.037060786368112004,-1.5009793455521572,-1.802413840062207
1.9329638985542108,1.2506591851808133,-0.40695098785722655,-1.324478866879902,-1.0015445073250622
0.22835334318610034,-1.385608296651507,1.4389161941994464,0.10375478139146609,-1.6400100979380006
0.4034753218743369,-2.333540015877304,-2.096273810054816,2.096362033161602,-0.28280405344683407
0.4997332832147349,2.242826726022743,-0.4093680001667535,-1.3576938232443272,-1.9171852282845352
-0.7299314404549792,-0.5945398602051217,1.8603724007101166,-0.46346168775216173,0.7170349368062338
-0.44743861093531917,2.255118007009708,-0.12902129724437153,-0.15720774355365588,0.97927278325387
-1.80979437835696,2.8129014355610407,1.0231204709849664,1.6899712713218742,-0.061218858662771145
0.15824055523859548,1.8228895231456812,-0.6142584767395213,-2.2421945064858093,1.8512433133984862
1.762046239264703,0.6829124224500587,-1.0968872985188183,0.6209535192596458,0.09901297311271404
1.775036752221719,-1.2323161981936508,-0.6293767066401595,-0.5529478347303841,-0.04051337662069302
2.012430721287998,2.265668072348029,0.7349377229808217,0.2593605476564931,0.22943763819201443
0.23835352654982978,1.663399929287634,1.11786032406966,1.2132904865132963,0.684157869006008
-1.1212612268086002,1.4953587997648228,0.8741624505920433,-0.8110086750263846,-0.7181463036382927
-1.8528894439932972,-1.0603151645135458,-0.8608629685311665,2.1142069293396597,-0.7989883842286158
2.72713225877319,0.5822294530708201,-1.3431011498522316,1.637497012832087,1.6964645753209833
1.1181729659872968,-2.1559166602501536,0.8541908685362155,1.157860586748821,-0.1847951020464536
2.4631932123916545,-2.708100189174342,-1.5278314010148275,-0.9118424098897846,-0.958782324967552
-0.4999550519867574,0.45549702367411543,0.40257877490225985,-1.5320326338418344,-1.7676727850131062
0.8179684395676778,0.14061707294355158,0.17534018754199643,-1.0496296686761832,0.6608145756599013
-1.2469711524405351,-1.685398773057348,2.228342391174355,1.0706008720961442,0.45019184340833274
-1.1306433022950673,-0.2697260113647337,-1.00165165888246,-0.5204109517474687,-1.2197276395359635
-0.045079369890357636,1.6868410483564904,-0.919221137170726,-0.12632925081604846,1.2860624992752845
-0.658986619198144,1.3218614536915567,-1.0481198877467999,1.2846359829195273,0.18233734084154815
0.9802015777709946,0.9037785564404797,0.7049951067551704,-1.784560364970998,0.7197590861163911
-1.5851269337077225,0.6450869554879508,-0.0990728041251725,0.7879588762724413,-0.9905028936755417
1.0572608425466845,1.3832779181048394,1.605818689293793,1.4553065592259986,0.5018906858748261
-2.144052080220957,2.061083503584651,-0.5157214050943305,-0.6085527107945587,0.4729292894758064
-1.5089306309457284,2.3514413854316025,-0.5952999041487785,-1.8465028227255795,0.26784557761475203
-2.619223072148294,-1.0141035910081753,0.8898203436924824,1.0994254775592476,-1.1347954135797818
2.8317842075387065,-0.3686860676201146,-0.40075128591373205,0.2906117148656316,2.0696881206184505
0.746355353015817,-1.268351193420323,-0.1571102607525072,1.1277187785002556,1.9515121041173356
-0.11623511405470353,0.06709655756155224,1.8221510240038823,-0.714046696388503,0.33003475533951687
-1.7697310875590755,2.0808110528642616,1.4160428311148985,1.4981391238024837,1.0349649998645751
-2.612988021237552,-1.5917371980151522,-0.08564211097328454,-1.7568420118023178,0.8404359847841728
0.5930440706531229,2.142114094384633,-0.9323175317538369,-0.09042069004214882,1.3299365651625341
-1.367553498895697,-1.029506283929679,-1.555673438861834,0.3811232201749704,-0.9186078854091039
2.252078201298381,-0.06043936679287819,-0.3505189589734295,0.2089727968921086,0.6701970184551216
-2.282739180395412,-0.35694672262505295,0.0374550997687308,0.061577298965814486,0.5454785448094484
1.2307392631778422,-0.14867954309663142,-0.04998798768576331,1.6850802075100764,-0.39429804699453386
-1.5158121764482297,0.49374585978679975,-0.22092403015132892,0.6656873584924858,0.5533001247328223
-1.2892001342136707,-2.3306016114835657,-0.06215580414573883,-0.7616776828918389,-1.4981052675617532
2.4814711496144866,-1.1504800883527722,0.6643033428569646,1.3100818153741822,-0.8880595295938005
-1.8622332219707567,1.356825547991173,1.0801755751057012,-0.8797070453499845,-0.24360370124253178
2.23716247431678,0.48541871012898924,1.1096605494123655,-1.8499696386249405,-1.8237322194932548
2.2813734821057823,-0.2138939639976128,-0.11258715572833605,-1.3540120366698498,-0.047544061697699286
0.5537795697233926,-1.1166961494841259,0.5524913881773403,0.5013091573334343,-0.6104359873477113
3.1196554861327317,1.4046727795613239,0.6796641595576867,1.6769464403756305,-1.5957631800000978
-0.949077899560957,-0.7718863291422177,1.2189855428755854,-0.3867729853422069,0.9091219134004129
0.6658850637584799,-1.282585150299638,-0.25575549282357696,0.4474465902771318,1.7519207105488679
0.12647430694117695,2.0629320337306756,-0.2098335989804854,-0.12070188641478244,0.8682602437339109
0.6580202888955625,-0.8687740452216071,0.9203502387537279,1.969704784726282,-0.43187762241920746
1.7318696333953059,-0.092434973113202,0.5852516488303602,1.3925472305593174,0.7638632129356245
-2.9322606508121303,-0.8714154416507258,-0.637347079743653,1.120933479921348,2.062162956571434
-0.07416262565831969,0.8076696829966211,-0.281042930999014,-0.7399522264634492,0.13305054889660178
-2.6099762374791022,1.805386119819555,-2.035041486166005,0.6061401399241737,0.944432006925102
-0.12611541052954098,-0.5355758135155956,0.3300411349427247,0.9717272103051805,-0.9578737800495687
-0.5451152238810683,2.1521761102286843,1.233829791701516,0.4068986819591659,0.01311545524086002
-0.34518100497483456,1.1165130249078636,-0.0784036283692076,-0.6489210754983247,-1.4026824899135424
-0.502837065751227,1.7656259911383896,-0.6503259690787848,-0.5328423456403096,-0.5441861826323371
-0.4278714530612256,-0.5652845888201534,-2.1473238577973497,2.0390672662252034,0.4427156276550565
-2.55037959009497,-1.2695882622162278,0.7035920802002456,-0.23658052011763742,-2.040340857209694
1.1044140298617313,-0.6927950528304433,-1.2779828226989662,-0.9216571492215223,-0.46328570210010056
-1.6082919675016922,-1.1886916232306326,-0.9336988145084074,-0.12183285975716344,2.0136412895945184
-3.0340992509498523,-0.673613775460084,-0.01608251015151573,1.183064080498992,-1.0239689331985364
-0.6639914086354297,1.0089489987607734,0.33159437023806765,-2.0254832362256887,0.6636378542728171
-3.033274642101202,-0.8361881408117523,2.365569234621997,-0.7703719758120507,0.6840654465532755
2.6399148268563053,0.07946517605007894,-0.07379806971575634,-0.9596531893958188,-1.0128563590492474
2.3525434641866005,-2.6228281496828325,-2.0132108162870557,0.3310560616693618,-0.3788845485484508
-2.613398742469118,2.0306210108246523,0.6771984515420405,-1.12075673797305,-0.05184742693023544
2.372958489349309,0.0739976554068679,0.3466975550587981,-0.4230715825092486,-0.05245759726449941
-2.070287820561179,-0.6360329846471187,-1.9777897550462356,0.9062472460946667,-0.3351075007791826
0.4225575714995337,2.1015577557010414,-0.5838611508459784,0.4413585893426352,0.5553832267452717
1.8059299270220046,1.6456191643112952,0.617811765837734,0.7636254709970662,-0.7862072227531607
-1.785001980555917,0.35982952430769355,-2.1240778789758834,1.9001818957519774,-0.29166942310227006
2.3362584135737214,-0.620800887100218,2.3105355848445295,0.5275882929645846,-0.05774171585980228
1.5628892397722882,1.5939063151961836,-0.28991299782738733,0.12228316074731664,-0.3004562571730107
2.4285619636630367,0.821804654146792,0.5295380733759143,0.8272422638695848,-1.4247358235377323
1.4254730371042357,-2.6451695429346995,-0.8402294466896011,-1.2743472105866807,-0.5385350041175939
2.2615907713304613,1.5699997687425697,-1.0185755980003721,0.4479682554897741,-0.8339535772050799
-2.2457415883781895,-1.3842427437538278,-2.009923852249467,-0.2486084640428169,0.5130689241935612
2.8841678976342213,1.326660560961574,-0.8907956039473046,0.9448502288559245,0.8547756411528802
-0.6984301941280529,0.6779606593726403,-1.7912322569870451,-0.886624446671307,0.18533428706166732
-1.891238106634641,0.7311229698964079,0.0005635107754863049,2.261286905574498,-0.14793526229637521
1.0643709293615076,-2.373140681288169,-0.16889061930230187,-0.34528001727988483,0.06758396070785497
-2.5171511215264686,0.27679997376109067,-0.20586675198721788,1.3109941886657983,-1.063076617736415
0.34953606884545524,2.009242894935287,0.9359167166785434,-1.328976955963406,0.0198161035832531
2.5054965003974186,0.700406998334378,1.3701907102247783,-0.8563534479659773,-0.04267707132002469
1.3493340868480392,-2.4889578081566577,0.13172524000355731,-1.118212088153875,-0.9546897545320656
-3.0665567002263012,-0.7498671496783977,2.4131054915919314,-0.4602101901934526,0.3516239506467323
-1.5779305302816955,-0.978430444864118,-2.755775800583413,0.28285695223977125,-0.22142383404153826
-0.07787597437727972,-1.73760840585697,-0.7707189965698734,1.196366413924149,0.7017930161162472
0.1831909531289958,-2.1380144117672835,0.31673414421505947,-1.4964593678320626,-0.5283797795672786
2.5366793755932155,1.854515538825098,0.9097116405194354,0.6922150429107818,1.4489910991268342
2.6266170042575228,2.02109564992749,0.45477503171682326,-0.5342455087580245,-0.2836390746613623
2.1642551153377028,-0.24445306062808647,0.087597609278843,0.6422546859242888,-1.6425558079807294
-3.0120633470176084,-1.9215929137882208,-0.5685414294108637,-0.6541541835581148,-1.0064208320426615
0.009077073177120278,-0.8650377165813404,-0.467834272574605,-0.2733674583577973,-0.6174751345992983
0.6723224681078754,0.6205487568170678,0.47792046618037376,-1.0188808711942543,1.4233850876609315
0.9301335018490166,-0.29292357668978475,-1.1540004888248574,-1.0106525000477706,1.064986511338057
0.327562071636908,1.250963857818556,-1.0059607466023368,0.5242651602402149,-0.527480581158284
-0.007727157302389214,1.012742748944561,-0.34896529593581904,-0.23000078723460637,-0.22619704700276136
0.3590713976052177,1.8455604882111514,-1.9939662712253352,1.4745397642811258,-0.6905756710693322
1.489080969773604,-0.843177111858204,-0.39823800207236815,-1.298196782362005,-1.425567953858845
-0.9972540610131408,-1.7480524665567907,0.7802261018411919,-1.3320041360154578,0.24847754800477512
0.803446350674339,1.2851907296103495,0.10071037907271405,-1.7076531549495293,1.3531841591369274
0.7683122041397823,-2.157015916547217,0.4935693155736226,-1.9233800483074077,0.5749455113857759
0.028924233684699957,-0.8108033367452023,-0.3608236843846719,-0.17499999076295727,-1.2673139997957594
-0.7221410786177551,-0.9984658112748535,0.7910780482465037,-0.027177267888007173,1.1007056642380837
-1.895344827578648,-0.26362973368430836,-0.7404032692540213,1.1486390634729258,-1.2751346657474762
1.2236098006751805,-1.6620946171870337,-0.8734817845335274,-0.42765643528392494,0.6041486023488863
-1.8172313868421337,-0.448374656977554,-1.941351335339135,-0.5352331041889951,0.19794720159316656
1.7472544314357217,0.5685954157253834,-0.1355062643818195,0.2668171389114485,1.2579440817756762
0.6696269980404727,1.5538564940829573,0.7976127655595171,1.6046689582219544,-0.3994522156121696
1.3600133076816465,1.1072634868520732,0.5991394331180232,0.4560791418344729,-1.2749470163880878
-2.610703710231035,-1.2234743880380452,-0.6168281487551913,-0.11111172316465948,-0.005648518414587116
-0.3230022708487102,2.368826646894807,1.570561237230562,-0.4547002939200943,0.7589878574361097
-1.0073181506728872,0.4261574450476114,-0.5727329430132468,1.0083266100571324,-1.180328300807256
0.25357770418988174,-0.2151673555732103,-0.11073168603668936,-0.11530594528196046,-1.864497291966928
2.3369306526534595,0.15086519916141708,1.2459290168226038,0.7234341173246607,0.9526352707154776
0.022128775240298982,-0.6918122860686301,1.7432681272535921,0.16044077195916118,1.0770365140056601
1.803270711568874,0.8618551059790893,-0.47894906385868447,0.5183012257799783,1.9136481596336752
-1.8997065086882834,2.1770221947289534,0.8167778659676538,-0.6860878833662648,-1.5683692419982638
0.18696071672156805,1.745637387192512,-0.28596858171882106,0.10871802142136101,0.6213917363398862
0.385742269711754,-1.2305069086412797,-1.7531639789197817,-0.747731872444577,-0.25647129706465494
-1.8981892970363041,1.2490388538294075,-0.43593956990632654,0.3229614071985719,0.23054339750277578
-1.9873175791292073,-2.008263949240192,0.19557126391910357,-0.5657000536698759,0.12907436589476917
-1.049565091283201,-0.01629295743089708,-0.2265299227198578,0.7120781495021151,-1.0211196165535272
1.6347796228351226,1.1806045147533597,1.4131289578941737,-0.2987330746331899,-0.011216943660983745
2.436724036004343,0.6487802544949958,-0.13084057731980983,-1.9846973886675976,0.6517033709797622
1.8533130053728446,-1.898604987375195,-1.0409806335946454,0.1738769483022028,-1.0708646188591688
0.18345758778205323,1.6089829592371203,-0.29034115569702373,0.2988858911168219,-1.4728932304133948
0.011424081182515696,-0.7367790054524623,1.330173700782852,1.0597136366438524,1.6324902743866663
-0.43266845294950723,-1.1112236396614694,0.5541049907610424,0.4384108849138525,-0.4112322049137521
-2.4314514531268485,1.7283197210931325,-0.2675577056443275,-0.4949674089090302,-1.226262203281591
-2.4617440862747295,2.336432868414887,-0.3381583987180341,-1.3723670437766642,-1.5680172416959346
1.8125980155127406,-1.7401100532284726,-0.2197498060719874,1.6887314472468107,1.8867627093768211
0.08973595505943514,-0.5503740819983197,-0.24288002682458512,0.16774577394245832,0.1621479282439171
-1.6187960084617978,2.2384100557405855,-0.44860569193773625,0.5846145531295713,0.35616151577374267
-0.8797163405875927,0.934832318889817,-0.7193887124875453,-0.29819304216990833,-0.7577036690659606
0.8590049483466019,-1.4561363020040163,0.8416914422195563,-0.8527594925013994,0.5139552475919263
-1.4326104604428853,-1.655712213885001,-0.2780582289788276,1.2100324775554268,0.4289983362016333
1.4950976467449602,0.6527503814921869,-1.5552432717780467,-1.4665005657008106,-1.2630054374796678
-2.3936718959644416,-0.8348583206848583,-0.7986636558207642,-0.6522143608710489,0.9987890771919895
2.5696123645965203,0.22576147099386804,0.5694080207570854,-1.2843024921936548,-1.7576783155064628
-1.200010951248398,-1.392628080034355,0.05100444964131848,-0.4982443684024846,0.8042394136663427
2.3107516411183915,1.9856082668198956,-0.1415331900206793,0.11429530860456977,1.233451189757339
-2.430509912938829,1.945521866010117,-1.9210591691218986,-1.5195302867229676,-0.5075855897932174
0.5323652626957263,1.3395527870360533,0.29075674481230535,0.7858600108729522,-1.4603226404991827
-1.228021975944386,-0.8068661068223572,-1.1399235351902415,-1.1145678318480807,1.8452349793813208
1.197875842069012,-0.24569584649696222,-1.5836393329140295,0.23170515208414005,2.683297351894972
-1.3720248779829585,1.4880205276675285,1.0190043456405062,-0.13507044981284344,0.37618931908870235
1.8318686888197588,0.7994352897598256,-0.4153226628972349,-0.7248243999994548,1.823864362535505
-0.9492442587179097,0.01740252395976793,2.330097589818055,0.19351468568118102,0.7311598539797468
1.4778702151521774,1.5232790216911893,-0.4237628259469778,-0.49471128226784494,-0.10462390454394864
-3.191503257464403,-1.700825163225095,-0.7345994869072853,0.19294296263062197,-0.9005870470750075
2.761436126032138,0.06384324108940671,-0.3677247165486645,1.4213823739628126,0.5396593437842047
-1.7718489062349327,0.06388369327881349,0.4765735776665828,1.167481454947024,-0.11926662926896457
0.17811736690763488,0.8233888765515986,1.7084051050004434,1.3636624215098483,0.412230524631293
2.1573199795842304,0.6048769145892385,1.5083364415895937,0.2557920517540831,-0.05725643855071371
-1.5905084125121225,-0.603061402743492,0.9138666726538784,-0.032202128550278084,1.1049496367538414
2.134111936738402,1.6991922306158942,0.054417347415856486,-0.018440614193748987,-0.8250739336188546
-0.19411652727708562,-0.30678708040808844,0.3316123725138738,-0.800755732046082,0.8580573153387127
3.2401540947316945,0.9590700176576006,0.2392555140803662,-0.8189735327144488,-1.3542867303135637
2.3897776003095244,-2.74579346107616,-0.440628480774418,-1.9321783446057104,-0.44902391578903716
1.5435173124049697,-1.9255532450776995,1.6895365123717219,-1.0496198207646608,0.6620917599963232
1.9852166393779989,2.189595317389589,-1.3918979118346817,1.2709376484339328,-1.0788257708818962
2.436818272363564,-0.1412858596492666,-0.17472386222331776,0.059412592318535816,0.16225254281002907
2.3119298201692224,-2.3817926190704246,-0.6245602840037948,0.5303177009455062,2.2731864728308717
-1.4990898860806874,-0.26523329564143033,-0.45514261770531905,-0.2191142022522093,-0.2255566849618661
-1.5396793992442712,0.25267373712441477,-1.486668260493697,0.2699003757130927,-0.9069302380335859
-0.030705564755527354,-0.7665068937696367,-0.29086590760460096,-0.9171537682204186,0.9423064295573638
1.4657628084156895,0.4213653238957455,-2.00156237593618,-0.4586137792400772,0.2614970283223729
-1.225813003982379,-2.044879702531445,0.6417007610210477,-0.3005342721631799,-1.5243091327340228
-1.7171263241169696,1.355224823102075,0.11249475635901196,-0.1694276979327013,-1.163534070697323
2.887778252758928,1.4556978796682605,0.44295351301920394,1.7644095348785251,1.8547646548367773
-2.43606344790945,-1.8971266891276921,0.051836522664832844,1.3965242272951943,0.2738597354795063
-2.673069543737547,-1.934973644586371,-0.20933080591128345,-1.2236109758026,0.5777717850710452
2.3074448213783647,0.1852868447410691,-0.04958239439573783,-1.5673759854689415,1.6047933572359792
-0.005981120449945107,-1.4675383285092738,2.170653541084816,0.12881367260863083,0.41395611669802274
-0.3854453035946667,0.7779782832290861,0.5034923275079843,-1.7235665541045824,-1.3221939866071193
-2.104297558106265,-1.0336402481957188,1.6202668625046317,0.84350257488775,-0.15284886187987565
-0.6813464119877684,-1.1982754903275352,0.44193078362751476,0.06654847727024286,1.5111439981003794
-0.08123131570486318,-2.3717769791767327,-2.2009437064571125,-0.7799115007295202,0.9647747329575812
0.30508479273939804,0.8680254590454554,-1.2958282396119376,-0.2126413498932633,0.5470790203061404
0.27404180250017496,1.1044774336845193,0.3682884287044969,-1.7839401455213393,1.7209092219207192
-1.044318473821126,-2.0292882478061007,-0.8700902594793272,-0.1680757325855938,-1.1382901532493643
1.2546004084779327,0.8264408200003245,0.9058852248067844,-1.1392637402321855,0.22045569324173853
1.2960948930780154,2.310769548981905,0.29274925219071113,-1.530422438570815,0.28927378863296205
2.7220095360984917,0.28638820809854726,0.44370122601105,0.49668255364209457,-0.6767141466061992
2.517810208393765,2.168597461343772,1.2193788944205,-0.303655781734608,0.7560136009434895
2.583315402016283,-2.5200576343584804,-0.45412391542367325,-0.5514316626317223,0.6459426016032395
1.1304609622380235,0.15550231392503924,1.7086107658037641,-0.5858178047091676,-0.3781558090744707
1.0791005409637213,-2.281675953365403,1.6992456137184124,-0.18585956987646576,-1.6694643645696563
2.6030136542240245,0.04335897775825396,-0.21727326744699993,0.08697779612850962,-1.282586339789924
0.7328492971264761,-0.719759319917653,-0.6286253758095284,1.3510967030574728,-0.16906900510340636
-1.540755039820486,1.7593872761240472,1.3586574673975846,0.649888722042361,1.0611595994417473
2.667240514702704,0.28435125980077275,-1.0836261428226102,0.24627162427691554,-0.5934081268844472
-1.8226868905348426,0.18569498952075994,-1.2979983030151898,1.2286321042498403,-0.7797380719585513
0.6279046775672177,-1.9701873387119062,0.34376718675179374,1.2384981289568018,0.20641979732064944
0.9480352345860182,1.4139801669405236,0.6452373112483625,0.4127339916448864,1.3629066151533165
0.9357147682698103,0.5134964868710147,-0.3025601851643762,-0.24677436140560005,-0.19105263177005388
-2.52954344460745,-0.5756552848801143,-0.2404997228146209,0.6625360714164825,-1.2472194877213874
-2.5466195239936,-1.428952048782585,-0.3824795659890053,-1.7268779969027719,-1.0910691561756634
-1.360265482929155,1.9866238272016061,1.4909349734900323,1.3027079843518192,1.0340842535895096
2.4503431551346035,-2.39096698419457,0.6050459631389374,-0.9018185191494404,0.8799844538294037
1.8467761100703448,0.4165407002675256,-0.7816888530709171,1.3314940863653224,0.3901725695194339
-0.23157729653512005,1.1618293911207385,-0.8484380696145023,0.650045679486185,0.7177013733216084
-2.351731198355006,1.0106330289247574,0.047756179054317414,-1.3830255930120225,1.3196168944628954
2.3189724228616466,0.3351604369123365,-0.17243679483917254,0.3499404281728758,-1.225296931589307
0.8347596354062261,1.5867060426012567,-0.8353968948370356,-0.23450336218003798,0.41079784154129323
2.739227605147146,-0.373267482459371,-1.77239152631704,0.23208551608750114,0.28139136670572096
0.5579615861082249,-1.8456902200736944,-1.4178761894522656,-0.12847794151178277,-0.1546299514510132
0.6377007051637635,-1.0879261187675173,-0.5622651132314368,0.16247194615620303,-1.1880969003393078
-1.4433591214472248,-0.8756293027627803,-0.03435353634308359,-1.1424433409626158,1.764103983320442
1.2290750909814958,-0.22846220015966281,-0.2054571484563018,-0.4407021871158172,-1.9063328194164593
1.392101827287222,0.8723381231228218,0.7995825095138241,-0.2811046122564732,-1.3798241001231815
-1.7715290593805706,2.525637058945887,-0.00976857011415018,0.20924189981777608,1.4978318767439802
-1.9057475466528089,-1.1358847117620166,-0.9987747729135786,-1.19155392764748,0.7651445614989959
2.699864949714157,-0.7469677369726763,-2.3136398008921284,0.14297374552723863,-0.5402845723501483
-2.5711367946410877,-1.2087122962906833,1.283062047463202,-0.7468051393413921,-0.33164386191036693
2.002017269080288,-0.9653461660192728,-0.24781594446984054,-1.6870444870144194,0.3644579696271601
0.39002870316852034,0.5139572270038558,0.17797980963564172,-1.0408928288369805,1.716214076811092
1.1409531467323335,2.3374803144030722,-0.1662943907993983,0.03169750481451304,0.12265502039594034
-2.4937297717244027,-0.5748654508727812,-0.13666488724386014,0.9410448220574693,-1.1892908183814903
-1.9305059388545645,0.22700907108701457,0.14653919521268205,1.0522835894815323,-0.5064330507022128
-0.7075552181000843,0.9438282457866493,-0.9542326191877731,0.1959376630242144,-0.5493102494043979
1.0221770244834765,-0.8742656698602529,-0.5421426946288201,1.4019690864817198,-0.5778550850131374
-1.3569428379217867,1.97057650898727,1.7666863526404846,1.2867245606434567,0.7165090238821862
2.0635122953059377,0.3167851229682175,-0.01780865463888443,1.0930945604032256,-0.023295820437685112
-2.946115195455255,-0.2361115950753071,-2.0222595633232165,0.7842590320622191,-0.8470202541690576
2.5333552378287734,1.6655742467019305,1.7677129974952432,-1.4465617341203176,0.050130744175252144
1.9690112479307202,-1.1955862477770476,1.0279491074886262,-1.2141935719884804,-0.024619261914374524
0.8829637201740245,2.4545621666725808,0.38280963496418496,0.679644069988082,0.2506941508686432
0.9625947660215198,-1.068660154398449,2.238127274161388,0.5094827578869714,0.3419972626503365
2.850855644155357,1.1299843194683592,-1.9840845799942946,0.32186769499378953,1.2043788808796747
-0.6407131760358792,0.3334695784900655,0.44330972611593095,1.6030345538325705,-1.5242833099834519
-0.19210314270274564,0.3311983995232204,0.720919240354504,0.4234626887640413,0.9256693787939224
0.20960594148756503,2.2950445225520864,-0.7652973884413068,-1.0055009308638154,0.8506180249379641
0.9511783949746121,1.9874538400520851,-0.9455130421377448,1.9918207500729375,0.8555508847108058
-1.3758618840522066,-0.7798636003806542,0.7328005653836164,0.25721290247170525,-0.07864268645099239
1.048945193906927,-1.5105775115365179,-0.7005581081416304,-0.9557865774480456,-0.21862974573007074
0.08882575269077414,0.3303318986846994,0.8653724343826539,1.5315774570122713,1.2496437068622963
-0.3556266851677614,-2.0776480105426276,-2.4184594614165587,-0.5359124594564073,-0.5370118098089633
-0.9197312297702807,-1.1341568249324474,-1.0230200803737315,-1.242353201179104,0.19485346992612887
2.646629132925107,-1.2764302140322807,-0.4642205474405261,0.924599702485351,0.1657386588499429
-2.3197459415110635,-0.25895359105855786,-1.1513150393359655,-0.7236077654209225,-1.5644321153846084
-2.6973150096681513,0.9358897901045771,-0.42972552335144865,0.8940889077634047,-1.6559164720086035
-1.6335836488451572,-1.0063805991642096,-0.9480459848481203,-1.2558031413693131,0.11060503636477251
-1.4230943391607944,0.17681305078211998,-1.5104577187063724,-1.234115011375934,1.0202410960572978
-2.4083246311211,1.565500443718336,1.073786021125783,-0.7058287030991939,-0.4733486937852696
-2.000282768668781,2.2431089690742034,-0.41754575554162476,0.4886160712015845,-1.2753417912710725
-2.2799984872687853,-1.6756517206674062,-0.22828328318597352,0.8473133891952074,0.3137133290153106
2.8472137301876232,-1.0644735769665068,1.5095506943473267,0.7581746204001242,-0.7295395850014843
-2.781968117062367,-1.0397046701265988,0.9075988281170247,-0.44418418985593766,1.2238228991235087
-3.0580637885448585,-1.8161128127564055,-1.1595130538165483,-1.7490179422671106,-0.8828097602161967
0.16501448276277467,-0.6005192625260516,-0.1256055205198808,-0.611717054601838,-0.03183913081439541
1.502420566120213,-0.29815875415052034,1.7276919302938754,0.12955871739545569,0.15425685214643897
0.7407369041199219,-0.719481543924504,0.7381179689962423,-0.8358789412592514,-0.06979264778583162
-1.5086381367406332,-0.1847500416998972,-0.8344553186622574,1.0277165380942679,1.4661534651364432
-0.20574393617017395,2.161895383168799,0.24845201767853428,-1.12497298363287,0.6538333356214857
-2.134310739665686,0.3414407313761667,0.3742873415712007,-0.43426899665442165,1.5579676521156303
-2.253115687615677,-1.5773084307975316,1.2866421481466566,0.07978678340676515,1.4161393112458913
0.1304505709490376,0.2396607364155756,-0.12713449584293354,-1.4224698654784371,1.1224201479826974
0.07186870391233317,0.16171505097132113,-1.1959190791610845,0.7187828547556303,-0.8038655746808816
-2.06397809536676,0.26837486787482684,0.43969948634485706,0.6872401561064408,0.41105729702292854
1.174882452490718,-1.749355966079791,0.9968651205991264,-0.13843594979890586,-0.01766746438112167
1.702673961271483,0.9289811088861077,-1.4191838135965826,-1.586141089605637,1.9990303111954297
1.3550711120459802,-2.204934575193929,1.1479496365195723,-0.41671552652810145,1.3782777388742433
1.4107357865331418,-0.6106301400652915,-0.05493915452768526,1.8567646009953767,-0.3607490686522964
-0.9626147538869252,0.8158479740403624,1.104394701045671,0.7816242297111508,1.001445984489259
2.6385302917459077,0.6949112925114899,-0.8862753487518175,0.3463670110041836,1.3468707878734978
-1.0135347623950286,1.4928719179512957,0.10892189557111377,-1.3841823177239223,-0.8966179052222059
1.5524183438235302,-1.0572728942836267,2.634858492885124,0.15427272786812726,0.7619143022166996
2.017164449537867,-1.9948591161884766,0.22596644753028183,-1.8611056212929569,1.0060082980801055
-2.3426401950749542,-1.9582866976335191,-0.352016005429689,-0.561463033130236,-0.27855095982201994
-1.484165650080858,0.33306009656812363,1.4240785382262355,-0.1399837200994338,0.39661956465499354
-2.3491494533982955,-0.06460310072808145,0.17492745725091038,0.2854578112276341,-1.4797536249127208
2.7484963266391813,0.26464665827702993,0.6157136783158724,-0.5815779375335391,0.20519817757275755
-2.5515882272499812,-1.417666719157855,1.5038021777368913,-0.5983328819141545,0.1978534577243096
-2.584118915600336,1.5509804020794167,-0.3155411674964959,1.3325326150215118,0.9579469668785435
2.504452729812977,2.1155325432424097,0.538453008368233,-0.5292632457801761,0.577182670498552
-0.14477507373223694,0.8856210522885973,0.09432082881846204,-0.24733120472342335,-1.0164424064934041
-1.2264823661926643,0.026480371371178688,-0.6844507778230823,0.23928492108469243,-0.8683690707902535
-1.866048612047127,-1.0544769162389172,-0.5920762313428931,1.5508049491895362,0.39633934154199024
-2.2200368034889437,1.8540232767783638,0.14093941447584182,-0.9097666236490014,-0.9937810693477044
-1.9535117231903152,1.0634549143968421,-0.40369082630046793,-0.6707645661955308,-0.21904540951600665
1.268148349968389,-0.9513918051900816,0.4080698775006526,0.9875297518926254,-0.6127584786144775
-2.8680315736313404,0.8369059939823006,0.9626652164521754,1.038160449738766,0.670970415667795
-1.645143934291431,0.22945353173794164,0.6310313000468608,1.7904538590928436,-1.6557347637503355
-1.0150671590512261,-1.8678870805936707,-0.44634663062048335,-1.494731226974209,1.8545297459084034
-1.34756462228993,-2.2783113724366384,-1.0206141043284775,0.46606273968708284,-1.1227329886904063
0.35893469085987495,-0.6768212392678715,0.98239461220462,0.37950917352428426,1.0061171470025505
-2.758668737082161,-0.3292258677058813,-0.9854259218572171,0.039378890719525744,-0.027754862208835777
1.7094789702666437,-2.0281014860793167,-1.425933955466184,-0.8576734101263782,-0.4215074161419497
1.8108699366859216,-2.5442330166599003,0.622736210743171,0.3892423383105471,0.6041612833334957
-0.25460435476550064,-0.616526338934132,-0.12996464871438876,0.8162771741715796,0.13893610967527503
-0.5909986364452261,-1.5083000356267482,-2.238918550715818,0.6901191506031846,0.6248558241984911
0.6669793906615402,-0.4400294608854678,-0.9588926005971871,-0.4619315560012608,-1.019416322706566
-2.454915680964362,-0.6162225921308477,-1.1796575181199667,-1.7825360846782368,-0.3857550810706315
-0.1456479648198732,-1.7872761080634145,-0.1577573207724573,1.4009472296938188,-0.7127200853938646
-1.5824023338664355,-0.943282824492646,-0.6989082252899214,1.2533743742853505,-0.9795568535820943
1.0818715382970536,-0.11110454450731308,-0.48152789363667414,-1.1919275148970643,0.5813302582481809
-2.2142192571911883,1.7836893613013032,0.1241735206458468,0.6693937115997894,-0.9729611067425363
0.563704512457497,1.8154249544236514,-0.24839465947669184,0.9087938423893782,0.8115515429331718
-0.8211150117441967,-1.3165986688004458,-1.8738440979626523,0.3572037261956491,-0.8434494922870803
0.4291467822181779,-2.04447837503317,0.9868806132398519,0.5352277838962268,1.5181177070869403
2.053168020051185,-1.4929778500509245,1.7094544446660886,0.6098481387625583,-2.4480152615688024
-0.67996557775992,1.627462383430207,0.46614458934474545,-2.122370819410729,0.29766134208113604
0.20166521616193034,0.04374225755291819,-2.0886501054069884,1.308787601897423,-0.045615604292697606
-2.763597177524424,-1.5583625439808242,0.4777305718693605,-0.9147507673724722,-0.30466206595994993
2.4142599196939125,-2.1391428705900095,-1.397239267863773,-0.9811774384123045,-0.8207818389363098
2.7075953704156115,-0.8542686345904676,-0.47152504164639614,-1.5314472773537378,0.5613882609768739
-2.2309181071648236,-2.126385037770503,-0.10680671213674672,0.23586192692203428,-1.3869198080637686
1.17603827591427,2.002530226282514,-0.22713953055846978,-0.07840783953283707,1.188303103200613
-0.3126630171098611,-0.19753176954213453,0.31351946747569415,0.9476659982301991,-0.5722784191306515
-2.360453742884111,0.577365869726546,0.7495053450132,-1.417356691138335,0.5740096948382128
-0.7925896054028398,1.0224584969174413,-1.160285136440108,2.021850518433524,-0.26646478299115506
1.120972132401805,-1.8373382058384182,-0.9377482153610324,0.1359810165770951,-1.2479533069085684
0.7937481613466579,-2.1150563754128084,0.29251805120107677,0.427749408155934,1.1317862037786852
0.10378687780257952,0.19269365751809245,0.33509808627118653,0.8856531603849582,-0.7112231572873023
-1.072191126944158,-1.9441900225162387,0.6091279315122996,0.2903818761224524,-0.7437448490211012
2.574666823740861,1.8787476014547513,-0.6219974639924285,-1.2397673760160288,-1.292179211887068
1.2262484046891384,0.14244905154561216,-0.9453968783298371,0.28633137153719723,-1.1142067356734633
-2.4826741498126763,1.83281162066834,0.13535395547365825,2.0832072131980235,1.119364022678888
-0.7597147560544812,2.067978196004222,1.5425659204969402,0.9781893557330767,0.34690294435614705
-0.9651379163734819,0.12647077601143464,0.8734561339041587,1.1190418946139566,-1.2508964742057487
0.3205114163393486,0.5601886531528208,-0.5069459215895488,1.0299104661851584,2.170846442120501
0.7270144922148676,0.41991973293121043,-0.7672808662177655,-0.4079897991291989,1.3522492416239233
0.7351871138901822,-1.3660389135336495,0.024948400457494028,-1.2045778643465057,-1.6705622875408865
-0.4585900009343805,-0.7581072036426134,-0.5774762747760288,0.8037996364177437,-0.01076819738689967
-0.6590579276804635,1.391694383453744,0.6342123610471714,0.21460493332926434,-1.4971485576228623
-1.6990065344160397,2.107074477900813,-0.06630034352594354,-0.35340127481953776,-1.6142972915125184
-2.668032273235943,-0.8798481431414842,-0.11862661801018391,-1.174836995116089,-1.6615866975015985
-2.127372483026465,2.5882639747749576,-0.9219716542401526,-0.7839060089870018,-0.7647482620803457
-1.8729174128880957,-1.2765248158302323,1.0726251987491757,0.19879015783672815,-1.174773591822508
0.3124358684217389,-1.2312529473730174,-1.7386668359200408,0.41816001653511997,1.1291053174674768
2.2631965010877346,0.5522231219848587,-0.13255055705655755,0.8746557409212662,-1.7552347940050435
-0.5167750470823115,-1.3389738919018237,-1.028526528854947,0.33625367049288113,1.2115929256432092
-0.7429636094690538,0.25481203002817265,1.054552035606841,-0.16480950976358516,0.05704016477852117
-1.54730312477952,1.1700179873081236,-1.3338185204717334,1.6396365883391362,-0.6874140615457939
-1.3394781203041495,-2.0561977901716793,0.09577133211805766,-0.18433641433510778,1.4953017756190032
2.5386240330186047,-1.273207285996046,0.13417981542190965,-0.28448390589373873,0.2561004066431309
1.5884326061546807,-1.5331878793688918,0.7232302410375271,-0.14814971240426872,-0.11750854467683579
2.0884408420311984,1.0052664952690786,0.2641495394253993,1.6100440421395579,0.7786291220401766
-0.5242988404337263,-0.6864684263925411,0.16748441522918237,1.4227245208864314,-1.9276865043798552
1.2056140666865576,2.1184224273998087,-1.2818608425740963,0.8295834162777773,-0.9449579707437581
-0.13498920099307501,1.9585266422435215,-2.1231228264565507,1.2567640349617688,-0.8392206151266605
-2.5017857101984475,0.3077678973267534,1.3163974457220426,-1.4224561487202028,-0.4850896599738059
0.9484750468426297,-0.8456788952503755,-0.5014420987962217,-0.2650206044938969,0.008964518381520199
2.408284524705815,-2.4635540928178243,0.3614266902882217,1.9091918172818962,-1.152167656161567
-1.6511403066397323,2.781580024498202,0.21045377779105423,-0.5666107068836812,0.5414443424300353
2.5630022063163826,-2.7360184516276056,-0.8552018876489749,-1.8247486599998883,-1.3454156178159695
-2.186702636717586,2.03518874714286,-1.202832565586175,1.9634077152051097,-0.9778156188730415
-1.7565541720641233,2.145364004530438,0.8462842241257278,-0.22208585717456053,0.6394623328195337
-3.030408106411855,-0.7210809836568853,0.2923880950082881,1.3974918425066232,-0.10008604359065716
0.6940027640305505,-0.6586679692692028,1.3424025292968593,0.6935652751822868,0.44420582257593
-0.8520929671833769,-1.240786250511421,1.057353902392768,-0.9134458975199721,0.780111511051974
-1.410227417192659,-2.2097450930043396,-1.789543567268799,0.07657836719483449,-0.7609773250520633
0.6701896902453365,1.9824314059063908,0.8956202798821179,1.1642501765685547,-1.3980359478699007
1.082366997354695,-2.0216993804371257,-1.1096695964833867,-1.3853208310833194,2.171103121379157
-2.7784695689352508,-1.6672989393022775,0.45842420123205047,0.2152775021134416,0.30741548752349124
-2.479852920096452,1.3236580780966054,-0.4345196742654468,0.44627705823914937,0.8736397465597326
1.3277115606105396,-2.34923585271161,1.3012816974595975,1.296901364639271,-1.6117016104566524
1.0774799908305097,-2.3165892052843366,0.9848107032265325,0.39232379527183653,-0.658943636461645
1.907500793622973,-1.8372667744998286,0.5362911359771005,-1.7198773536212948,-1.367153994731921
-1.1408804871260696,-0.10634982704843508,-1.376821873292208,0.27983863912719076,-0.9032050153506613
1.2810881066406559,-1.512416393902164,0.17868231452964753,0.6142892285665121,0.3587647936566335
1.7448676168999284,0.4041969290082579,0.9250928692157876,-0.49775375807692124,-1.5613613114966618
0.7578287402995565,-0.9883996687964808,0.7622939809705648,0.1545398627185447,0.26887531893465894
1.1868893124803448,-1.245958927731927,0.4627915043183248,-1.2655773287877263,-1.227047097833658
-1.7196866745374093,-0.2366357785608872,0.7952543966468414,-1.130273918739176,-1.3984781400467008
2.6135179921313605,2.039241769693049,-2.2172291833214075,-0.019370911954348882,1.1493231228946004
-1.4145916806673633,2.719819974383598,1.6176982463139482,-1.4661822216389648,0.5221117052891122
-1.105992571600914,2.0158222549184917,-0.6400935561492253,0.24577252899810123,2.020476252672373
-1.139447289454207,-1.6908055925408338,-0.8898948741819753,1.6475434780421094,0.13583959576043483
0.021322830758200278,2.3472809719387286,0.6671048196796093,0.7078317546451304,-0.42047096286323227
3.0128650823036254,0.8414305477966081,0.6511861379499223,0.05613340575935471,-1.934030234556758
-2.656967228900376,-1.3660265503594071,-0.26978219712192575,1.0956331834761703,0.9595433242363438
2.390857331353441,1.2182491163954592,0.6965049265390851,-0.7616780861173623,1.1852124179156653
2.853845056591042,1.9695792222067676,-0.47482342799702404,1.774679920951138,-0.4821116312452398
0.45522414245474146,2.0950082427728947,-2.115036873411509,-0.9030914011612113,1.4576231801974242
-1.3103772705134547,2.0434559970981483,0.6062518861703892,-0.7222559408362259,0.8099723970079326
1.3017024573048173,-2.0775144219507355,-0.49408954903318597,-0.9214026986945518,0.2540724397427595
-0.8773380419814687,1.4896258327802099,-1.3431406951750309,-0.037855659225460844,0.2696186786473427
-0.5466246986223814,0.44866670108458795,-0.7485013788626548,-0.04002800278530138,0.9836624415102923
2.915999125393037,-1.302036333758193,-0.9245664498567803,-1.2277922392951481,-0.3711196392549433
1.510864730529429,-2.267982833593333,0.5439534477836498,-0.20860717623698136,-0.23157892618980647
0.6442552726092851,1.151688223786494,0.04949858691682542,-1.367256829455647,0.16478652524578266
-1.9252951601710149,-0.8766923719718451,-1.7685701574265003,0.9028352040165512,0.735403653200835
-0.040371085044138874,-1.7752239306821702,1.1327708896813937,1.0908452660914492,0.7007518981764765
-1.32211267275898,2.3570237764191075,-0.3977104060417686,-0.8454312698518064,0.15017898489683684
0.7771793371297404,0.8387767839805935,-0.6194046726151835,0.5514348165228009,-0.783944748827749
-1.8129191353094667,2.4901289222959573,0.8482077949227039,0.26527253016194263,1.1750174903405204
-2.957763621620543,-1.229142393895518,-2.2747507008749333,0.055098043414997,0.809675551480474
-0.669345591864899,-1.9052083366090224,-0.3309661727114386,0.662439512555072,0.8650855707094539
1.6426808360394776,0.7975522738606016,1.0598980668726903,-1.3456982954115135,-1.467702349733986
1.9052410050044,-0.6041468254105307,0.16346508030634438,-0.7429929780165322,1.029066706769368
-0.7937715421390149,0.9678880434275522,-0.040521964624564165,-0.1314610108345948,1.5253123836054383
-0.1881645947328234,0.5620205227564794,-0.46261839906766256,1.7194577924684193,-0.7009395140276379
0.4240703369952511,0.8943450834693746,0.5805461483350948,-1.5469049086203948,1.2787119490980106
-0.8247512155198551,1.884400715009507,-1.8860556309917875,-0.12917860094809328,0.5597310293833799
0.5206100167592367,1.329536839421806,-0.121133967110738,-0.3739825666101282,0.07413123470306239
1.8718194485623478,-0.27276744558981264,0.010475665599470317,1.7716573917804783,1.4703963409437129
1.7120691499115455,-2.309936115094294,-0.841642754247628,0.21122751795140066,-0.9726314119262485
-0.8085479225546768,-2.14859827035251,0.8334997412622507,-1.3728571868889887,-0.08002322944840673
2.9323563568254127,0.34136601535857947,1.8025700490912924,1.5191420675268428,-0.6211526759869883
0.8732052171629849,2.218059975905647,-0.7756344150715726,0.791387983368011,0.12472704984186776
0.44888067735219517,-0.6779234907578285,-0.20817487971882867,-1.489240896128014,0.5098942430919796
-1.645500210349999,-0.9902172184439916,1.0379712650953414,0.8781170528724391,0.16241172193234021
-0.4166228552909816,-0.6672717584761729,0.8107668325381233,-1.1324671131664967,1.2151065061068065
-0.9318246158638013,2.4462141824611785,-0.1425662993926112,1.2644597023582325,0.9125124076611456
2.16122312392918,-1.0437352568791554,-0.3779093082056911,1.0648820133587102,2.1945331752637807
2.268887281726157,-2.410866917057623,0.2905518001581734,0.5565108301637935,-1.339265334418704
-2.1303586095140896,0.2227970434458391,1.5045523605320739,1.3515131328311794,0.6881416644949705
-0.12960835905256599,1.4599479323769193,-2.0960762848866796,-1.8916860100122224,0.4093268852271952
-0.5291808305913889,-0.5770802040936263,1.9398524318568247,-0.7235024114828893,-0.5315033506961294
-1.0140613128483666,-2.1208255740406754,1.3983800545427076,-0.5708839670619336,0.625513061526612
2.2589312042607737,0.6356027968200477,-0.45488472300136507,-0.32823950048536027,0.11758656108415928
-0.3920204876925873,2.1881904514344335,0.40200617353587365,-1.9252934441301004,1.2087299236416553
0.3055631624557609,-1.998310321493117,-0.04945313026295571,0.1610782287717885,0.7797438905836668
-1.049949423214797,-0.08385446583377117,1.1525234289638298,-0.1826641029378839,1.0954064822470657
-2.8467635867439776,-1.3679532131649588,-0.936699098519756,-0.11064101385920672,1.2779186476169515
-2.1559766636363022,-1.932849528363133,0.7634654205961473,-1.2525671140109451,-0.41634293656305243
2.66968206891947,-2.2986116110321446,0.2593014522768945,0.22717570617887614,0.6896672232310723
-1.0116969907564568,-0.8022277123988231,0.8406394537810921,-2.4194098090385325,0.8542115317574368
0.47023844054249125,-1.876357439747009,0.8315977626810981,-0.07031291442519398,-0.3011061947326847
-1.3783418383328536,0.6025446211112219,0.28096949350142325,2.019594327696384,0.6331716408071396
-2.0283867579373,0.4382923569948341,-0.8794540914510985,-0.12826244934490677,0.395092415458295
2.468958658942218,1.5766858062721882,-0.9407896661366849,1.3943779910534888,1.5872693769649497
-0.5943857154401746,-0.055047773854985056,1.3188990372547864,1.5400731332386683,0.17662064179170275
-0.16456591947805163,-0.7263443168447183,1.2612204465484949,-1.3522429332239403,-0.889624135906264
-0.9390460531867451,2.4416694995675154,-0.45504656463798343,-1.971163455125337,-1.8076234561488926
-0.2246649569095038,-1.0238370921179933,2.125163739345202,-0.1296216333281056,-0.13192539321495325
1.9080294943629874,1.282345441646421,0.18909672970368568,-0.11163111035277537,-0.512857100489712
0.14437770672133282,2.10805856604169,1.952278646031039,0.3595025157409983,-0.46983206660282667
-2.438072666046999,1.9826047720556126,-0.4256531965291802,-1.85823803975686,-1.5026996979781606
1.929062580976575,-0.9213188441175895,-1.1543842732428777,-1.3296718191165837,0.06775718366116486
-1.6606406846264274,1.1595478442544325,0.5601881152657336,-0.11010476507581793,0.6453461336938734
1.9979289924915757,-1.2163662220975955,-0.723910542463524,-0.055378849184764385,-0.7161630844993346
2.6772729990126596,-1.509382444874287,0.805349834670443,-0.5489616467217705,0.9874282023930866
2.031559333070298,0.9116928267712303,-0.42776245809593144,-0.7729230757393692,1.6652135110962707
1.871855792162579,-0.9891155550535157,-0.6017699407197397,1.3268815747112144,-0.052530063619730005
-2.418161344141342,2.690779380503959,-0.5824844526044797,1.8476818839875873,-0.77177009118638
0.9130189508913679,-0.6374565629040861,0.07911883599351988,2.0344458063181676,-0.7703697274222319
-0.004692319756132556,-2.419726818650083,-0.3775781749109186,0.14893561814598089,-0.8366464070246409
0.292649427020354,1.4379512259878193,0.9153816591430243,1.0212132469711088,1.3097622260344384
0.11792715847680259,1.763756053937211,1.2289554675805974,0.902567145925298,1.290742975321854
-2.0854907162103187,-0.18931193222021192,1.728412795231889,-1.6999177234665601,0.6659352403038781
-1.746599304832214,-1.3927654978879551,1.675783901611629,-0.5958992889942303,0.24598127620913002
2.710400384434981,1.8244245260021397,-0.7386945459503529,1.1890830392148017,0.6925915457781292
2.6999744090362516,-0.0404767969296125,-2.044133399342717,0.22315561122150301,0.879219507973314
2.6616725312794958,1.8353019712480987,-0.4758145469353589,0.6202336492641549,0.47124525258090133
2.967597799113871,0.6733362875561654,-0.919998493805375,0.5823098986956531,-0.7568890876076677
-1.9003037190992522,2.0211586798489805,1.8761687099150886,-1.7734065451159877,-0.09823826184482212
0.0794439109565312,2.0172625578558945,0.7653421617040852,0.03613057805557237,-0.7268105617238679
0.4530941459203434,-2.3317691794387265,-1.4259915826811733,0.39341433394734515,0.860532551169526
-1.2161034457148854,1.5663154254083251,-0.3017253884717415,0.11874363434583697,-0.7998750101499565
1.9926271385424865,0.14167829616459088,-0.11051233487570353,0.4964900869714817,-1.7720468246693286
-3.036256149127591,-1.8361609786600095,0.1481827616955046,-1.6880172590503588,1.6859171843844492
-0.6480285682422853,0.14362436453697036,-0.36634121876813336,0.3791963398254937,0.945477726032457
-0.5921258499247677,-2.1615664626362294,1.252906016256076,-1.917539994830675,-0.9918540120270783
2.7791857666065556,1.8079665799327325,0.3381014809463958,-0.33663345359222324,0.9423809332025248
-0.9864861215562457,2.153660784296054,0.8099006039962767,-0.14758310346907255,0.6882822305975456
-1.5168728872336195,-0.9534684300855836,0.20133860494078135,1.792956723557333,1.5317978741531142
2.3826985992924627,-0.6516136411274125,0.5052642028866765,-1.0502795793989674,1.2444902600225476
2.4722241552655237,-1.6497044389933442,0.06463646703107118,0.5410545924818668,-0.6118046837572522
-1.0506700079361688,2.148647189696301,-0.9414137325045874,0.28060885109588374,-1.2373268930786987
2.556969381751938,0.040463560129774895,1.1473771051747421,-0.3338738473285775,-2.227691001059974
2.848485773066052,1.3840488205177532,-1.1660912832182666,0.009477382096765402,-0.794721745213404
-1.285828747411102,-0.8420592683052541,-0.8302360996743181,-1.066821086959067,-1.1155545947683814
2.1913446823565232,1.9071111628712407,-2.5735486898694093,0.03771871275240667,-0.5163090128851893
-0.8504089728211334,1.6013554018737899,1.8246446390974351,1.0179903246926472,0.34803002653008047
-1.249642024899898,-0.2978750672662267,0.49335229314273,0.8346090709288021,-1.4214040209994665
-2.3694277031289728,0.589324684544464,-1.5470817210585068,0.34666797801388016,0.4602155846637507
-1.2875563767796405,-0.5485298071421936,0.923964893208164,0.46279019419155615,0.4160400346970124
-0.44785662740618487,-0.23212574049498283,-2.1065314587742163,-0.005898903700428786,-0.6296175157319058
0.6917118792768943,0.4892917522889341,0.05064000715431942,0.6840820238747044,1.4067015456812884
-0.8407848645704887,-1.8977224192639812,0.7216078256365281,-0.420235208813659,-0.6913692166843717
0.18025073341220682,-1.8209108878367373,-0.8740138683898248,0.45960091128790503,-0.6856252448152619
-0.9804653837054312,0.10185728174323054,0.6103366524574861,0.3658502165361086,0.607837832676696
-1.2020399813704363,2.363252203670975,0.9056579565821935,-0.7585923248233881,0.9338618919627976
-2.2791701973184684,1.4042904330427988,-1.4427613194911337,-1.0437463960456987,-1.2471751508736828
0.12026824475805462,0.06773567419424927,0.15810786349355094,0.36732733798788253,-1.134782880470046
-2.3169684344150276,-0.423944837766007,1.8396521034111741,0.7807618684282394,0.9034544288412438
2.325030303293874,1.0702274675905568,0.9786588633578465,0.010222935687139244,-1.9639545828292728
-1.9756932218094325,-1.4734441607657869,0.08109297155578803,-1.197998311616123,1.1627504024856996
-0.4496370061789897,0.05381418001557015,0.7151788158722888,-0.676425655032191,-0.3737457593149067
-2.08311967683631,-0.9509669696878487,0.7157274645378306,-0.3769635737275602,1.1414179707816647
0.6518042580574814,2.450923587357196,1.3055518829959532,-0.8617984687328819,-0.6596312024405582
-1.0435197467441109,-0.5407910303537754,-0.7572281154174179,-0.10165836054327122,-0.4453998377405133
-0.4646515613773289,2.409146868153912,0.6763017146429904,0.06700427403382031,0.9681872724898541
-0.8746502331514123,-1.3490793692284904,0.07130880335563097,-0.3823959746431551,-0.42736359108234345
-0.014602613840715775,-1.464845613792375,1.4543926973574344,1.9569257788939847,-1.4082210014024508
0.0948108570541594,0.10424054300107362,1.6785364872938027,1.100226165720206,0.14318282672315222
1.4157305680227399,1.863182524675237,0.9956622206482316,-1.183478627151288,-0.35350259863074684
2.5576086545017853,1.5486110172884322,-0.4585774208082219,0.5138308297382915,0.6509230974953405
-0.5248216156338099,-0.3250257977550189,-1.0260889332623833,-0.2588990749784232,-1.2285800151209807
-0.9292789800669676,1.035258453897999,1.8298110210392362,0.3204132293291865,-0.5027092637245861
-2.008634601126556,0.31129177446760425,-0.5609047366148462,-0.062398008382604876,1.101008528786849
-1.1157766066433012,-1.97449647364298,0.2970679797280901,0.4670939662915251,-0.9768872523477261
1.7717588392508055,1.668744910816962,-0.006836779916096213,1.1104990279709244,0.01617394605127259
1.7045600898875355,-2.3092990204469497,-0.5550286900401582,-1.8306534607834772,0.7553261798376288
-0.2505817167809027,-1.5936891742241328,-0.23778801371075883,-0.1824339940894732,0.8529035585536111
-1.2733938671855691,-1.8543523463880058,-0.09220442237421493,-0.728132287725883,-0.8401646093798185
-0.5787219310213015,-0.2594730066153674,-0.6362342320502867,0.6921006729982658,-0.0399193620577304
1.4632681254989803,-2.082046978838505,0.8109505130076246,1.5301204316126138,-0.019290822405376495
-2.275812430155884,-0.16590268337030906,-1.543784299118102,1.9708547408596941,-0.534689401801408
1.6891489706220746,-1.0220563947652985,-0.671213901639213,-0.2027088690425333,-1.007554946264387
2.558021037269306,-1.6466422816080182,0.41476045040037474,0.05816644899206555,0.43347418220335293
-2.6951163756631114,2.1817396094084307,-1.8420936742607819,1.8342654646794225,1.1472505922952383
0.681977914307508,-1.4432134939798613,-0.8679442283024699,0.2658656470621375,0.22076445300131184
1.2837923241400373,-2.0866566078873556,-1.0308166286624572,-1.3334440598500539,-0.4038835917050134
1.6759466535313172,-0.28408999249511846,-1.0682097950162095,0.15059539400787575,-0.46959682438431
2.9602338170151246,0.30182576432427344,-1.2905750483556468,-0.2537523240543237,0.7010477586007384
2.650123272614367,-1.733801495016172,-1.1526994182177657,0.7062286351499701,-0.8822810727770661
-0.08895540174731559,1.2470855068111382,0.42505217392714795,-0.7591772885947022,-0.6659382827906455
-0.6792182352478279,1.6317574680719755,0.7451030937464025,-0.1734471537962852,-0.4478424996650865
2.5433876494616903,-2.294563460812645,-1.6620434203229455,-1.646739765671415,-0.16127868543454038
1.2845304814832172,-1.5819071180848867,-0.8967448222191235,0.9851312603393638,-0.1526006423694557
-1.1406200692420805,-0.7412213292785431,1.6972685775984222,-0.054639900568764034,-1.7203930943448342
3.1349188933514185,0.669839796263284,1.2635476520209368,-0.5373546997286468,-0.9644913686846875
1.0452275230894295,2.0304615957631986,0.03213494946655981,-0.5079506467037771,-2.108553769999618
1.2536480509691033,0.06163266895531025,0.23239444320311625,1.7007107325890127,0.7961584324091268
0.0589034714966004,0.5185916979605294,-1.321864143698036,-1.4880214149003712,-1.0584456595334348
2.0555570622854082,1.7573613773001582,1.1229943913534266,0.02486667950281289,-0.8259453689902853
-2.3657280024003504,1.217071843435502,1.5654743298303906,0.08518066945079557,-1.4263339381971356
2.053834270821577,-0.06534587172737036,0.38637941040538737,-0.5754239998477305,0.5022573442924648
-0.8159649524735384,0.28396674413591627,2.0864544376846172,0.5741237324026384,0.19336893702707847
2.289199928531842,-0.7569082470205921,0.5631942675349213,-0.8315802718476039,-0.12372425521213569
2.302202577578924,-0.9858544444592839,0.4393971328037405,-0.5809691880201708,-0.5352467282576915
2.5464030079826263,-0.5169493838320128,1.283630216893217,0.9309968273802175,-1.5099259544954806
1.4485871374160615,0.05806936693427303,0.4389100124516621,0.07412320990400405,1.713844667223344
2.7114150002120403,-0.8013198973670589,0.1787414477138355,-1.3670221841731258,1.6110215690708518
0.7616823416620792,1.0500093056538649,-1.7447011451887426,1.1789305774684544,-0.2732456727109543
-1.3733690137667283,-0.2857748861718731,0.49080954142494826,-0.04396038602792446,0.07118869912081892
0.4921343151547018,-0.2994486950005394,1.5411159186210535,-0.5805209975332604,0.7544783064816255
2.593841038084893,-2.1073457512422467,0.409486417519421,1.6240005944624154,0.5353974364409125
-1.3022558141141893,1.9024241395583308,-1.6537607802814778,0.4455539108451907,1.0345630691944414
-0.862846631255378,-0.7758486122601445,0.47137786809240656,-0.57045052354462,1.8348973774378685
2.171269161540646,-1.3149372369431798,0.08278954017513489,0.9117207241996348,1.2050942993828253
3.3279296434019843,1.8693666986401403,0.05418341135325906,2.249606145722559,-1.5384104427000436
2.218635406771707,0.7023840997499151,-0.6482052870302044,0.2522498208811393,0.16574676785394776
-2.3925331594944304,1.7684986663911733,0.7006649104192951,0.5338507855425222,-1.4983232596603187
-1.6936331339759303,2.3096202950840277,-1.8917891201205228,1.8778121833617272,-0.7803021074776032
-1.5423505606980792,-2.134427081589546,-0.646101755016032,-1.8005169670392072,1.8588055568314152
2.865118884296539,1.1016085662601978,0.9620354215388186,0.6921213998029073,1.3181241229442604
-2.440592820796394,2.530449524910622,-0.6023590654056242,0.21796692681151508,0.03776614143729811
-0.5466897376757148,-1.254172439714678,0.8912962505890553,-1.6771959358087367,0.07719726504938237
