0.788712,0.813837,0.78069,0.697653,0.581866,0.437666,0.773285,0.443648,0.122532,0.82791
0.788836,0.0466323,0.782529,0.0673849,0.705466,0.799493,0.77388,0.169622,0.398663,0.885167
0.772134,0.814203,0.53524,0.274117,0.194952,0.260781,0.693845,0.525101,0.247719,0.648676
0.801124,0.239998,0.964465,0.676351,0.287637,0.0504776,0.832763,0.516099,0.497971,0.691612
0.777294,0.897885,0.611646,0.992035,0.399823,0.218451,0.718574,0.897671,0.366192,0.743581
0.776929,0.256508,0.606235,0.209906,0.171209,0.429029,0.716822,0.608753,0.37083,0.637678
0.804623,0.269356,1.01627,0.365581,0.196844,0.176824,0.84953,0.649831,0.629994,0.649553
0.81101,0.208014,1.11083,0.0578936,0.609821,0.726066,0.880134,0.278603,0.230049,0.84086
0.787457,0.229377,0.762111,0.240699,0.87347,0.407147,0.767272,0.811396,0.206977,0.962993
0.804306,0.846156,1.01158,0.19953,0.158483,0.757988,0.848011,0.429701,0.715781,0.631782
0.81211,0.874844,1.12713,0.441572,0.825159,0.881985,0.885408,0.00259407,0.0575884,0.940614
0.805929,0.887692,1.03561,0.939451,0.511307,0.403821,0.855789,0.267464,0.366588,0.795225
0.780615,0.844783,0.660807,0.535295,0.140172,0.386822,0.734485,0.220771,0.119388,0.6233
0.800911,0.609272,0.961316,0.695669,0.454573,0.602313,0.831744,0.521134,0.272286,0.768943
0.790361,0.0408948,0.805102,0.221747,0.618915,0.532182,0.781185,0.427717,0.72747,0.845073
0.810305,0.173528,1.10039,0.568651,0.172063,0.303903,0.876755,0.919156,0.676717,0.638073
0.812065,0.183752,1.12645,0.412275,0.768059,0.933256,0.885189,0.40846,0.216407,0.914163
0.799867,0.355907,0.945845,0.749443,0.531632,0.826594,0.826737,0.758293,0.940214,0.80464
0.814801,0.449263,1.16697,0.0707114,0.132603,0.458174,0.898303,0.630146,0.723838,0.619794
0.798508,0.185064,0.925724,0.797571,0.515244,0.16126,0.820225,0.627064,0.0564898,0.797049
0.80112,0.894467,0.964402,0.97821,0.728324,0.160314,0.832743,0.16953,0.862972,0.895756
0.790913,0.623035,0.813281,0.553453,0.753685,0.632557,0.783833,0.330576,0.965087,0.907504
0.807785,0.546342,1.06309,0.374096,0.940977,0.924253,0.864681,0.817316,0.788965,0.994265
0.79081,0.911679,0.811759,0.0791345,0.317087,0.0740379,0.78334,0.941099,0.342143,0.705254
0.78702,0.522599,0.755644,0.544542,0.690695,0.600299,0.765178,0.837031,0.861538,0.878324
0.800517,0.730644,0.955483,0.662038,0.616138,0.443617,0.829856,0.790307,0.506272,0.843787
0.795276,0.999329,0.877872,0.502518,0.54442,0.100131,0.804737,0.178808,0.244179,0.810564
0.790837,0.969329,0.812161,0.70043,0.615955,0.713218,0.78347,0.254036,0.671865,0.843702
0.77162,0.867428,0.527631,0.553606,0.421674,0.199866,0.691382,0.848384,0.991455,0.753703
0.80835,0.840205,1.07145,0.338572,0.675344,0.041139,0.86739,0.477706,0.144292,0.871213
0.812434,0.146672,1.13192,0.394818,0.206091,0.277017,0.886961,0.235023,0.0924406,0.653837
0.793997,0.374401,0.858934,0.157903,0.325907,0.799554,0.798608,0.880184,0.302774,0.70934
0.816864,0.284371,1.19751,0.0766625,0.568041,0.513779,0.908187,0.134404,0.182714,0.821506
0.788104,0.170965,0.771686,0.186071,0.323496,0.109043,0.77037,0.480026,0.484115,0.708223
0.810386,0.973754,1.10159,0.291482,0.251839,0.858699,0.877145,0.586413,0.833979,0.675029
0.792349,0.741813,0.834544,0.0822474,0.462203,0.25486,0.790714,0.932798,0.28956,0.772478
0.778762,0.716605,0.633373,0.665822,0.606128,0.876827,0.725606,0.111393,0.106113,0.83915
0.809806,0.0308847,1.09301,0.716941,0.0656453,0.84283,0.874368,0.779199,0.510086,0.588776
0.79953,0.645039,0.940857,0.6498,0.864223,0.159703,0.825122,0.0940886,0.0258187,0.95871
0.771534,0.812708,0.526363,0.617603,0.883908,0.932981,0.690972,0.90698,0.930052,0.967828
0.813621,0.735923,1.14949,0.840175,0.238441,0.835475,0.892646,0.558367,0.46028,0.668822
0.789924,0.818171,0.798634,0.0187078,0.454939,0.779107,0.779092,0.745842,0.849361,0.769113
0.786456,0.124638,0.747295,0.771996,0.901944,0.541124,0.762476,0.0237434,0.117161,0.976184
0.812295,0.718894,1.12985,0.662557,0.960601,0.337046,0.886291,0.373486,0.385113,1.00336
0.775244,0.375072,0.581295,0.988464,0.0188299,0.620808,0.708751,0.159948,0.737602,0.567089
0.80874,0.649831,1.07722,0.171758,0.342143,0.502548,0.869258,0.634877,0.599597,0.716861
0.78661,0.915433,0.749578,0.177282,0.776055,0.915555,0.763215,0.183294,0.590899,0.917867
0.777693,0.889676,0.617543,0.878506,0.0690939,0.229743,0.720482,0.690329,0.378613,0.590374
0.80834,0.0321665,1.07131,0.96878,0.487259,0.94351,0.867342,0.99704,0.749535,0.784085
0.786094,0.773492,0.741927,0.574969,0.596057,0.385571,0.760739,0.23954,0.877468,0.834484
0.797206,0.448866,0.906448,0.249702,0.913785,0.152562,0.813986,0.586108,0.943175,0.981669
0.774414,0.00756859,0.568994,0.871883,0.326487,0.541917,0.704769,0.138066,0.383343,0.709609
0.789023,0.228614,0.785297,0.186773,0.595782,0.892361,0.774776,0.765343,0.693381,0.834357
0.809164,0.41847,1.0835,0.835994,0.950804,0.0177313,0.871289,0.359722,0.744041,0.998818
0.778638,0.15659,0.631534,0.192022,0.841914,0.415754,0.725011,0.670919,0.532273,0.948375
0.793387,0.919034,0.849909,0.456618,0.465621,0.486496,0.795687,0.385418,0.199896,0.774061
0.777333,0.501694,0.612216,0.43379,0.706748,0.217627,0.718758,0.00424207,0.0408643,0.885761
0.809864,0.242866,1.09386,0.382305,0.136235,0.480636,0.874641,0.241035,0.663411,0.621476
0.809579,0.754479,1.08965,0.81811,0.419996,0.962523,0.87328,0.609546,0.827784,0.752926
0.811675,0.906522,1.12068,0.402661,0.259713,0.283792,0.883322,0.690878,0.334208,0.678676
0.787561,0.213477,0.763654,0.265664,0.944426,0.780511,0.767771,0.116428,0.0306711,0.995863
0.791935,0.0321055,0.828414,0.449019,0.948057,0.125095,0.788731,0.64095,0.150761,0.997545
0.809105,0.771172,1.08264,0.213965,0.255745,0.438337,0.871009,0.733695,0.0912198,0.676838
0.789947,0.228248,0.798972,0.577197,0.401776,0.404218,0.779202,0.747246,0.0801111,0.744486
0.778295,0.556597,0.626462,0.20426,0.181463,0.449416,0.723369,0.4597,0.0452284,0.642428
0.773113,0.806391,0.549739,0.600116,0.413221,0.00613422,0.698538,0.677847,0.766137,0.749787
0.786258,0.852016,0.744357,0.799677,0.833064,0.196051,0.761526,0.612384,0.0199286,0.944275
0.771636,0.331614,0.527863,0.884884,0.24543,0.734977,0.691458,0.574572,0.713523,0.67206
0.80518,0.538926,1.02451,0.54207,0.44142,0.225501,0.852197,0.292459,0.654012,0.76285
0.80045,0.991791,0.954489,0.438887,0.707846,0.632801,0.829535,0.119938,0.110202,0.88627
0.776505,0.86935,0.599958,0.822352,0.384045,0.67214,0.714791,0.810724,0.384716,0.736272
0.798729,0.64687,0.929,0.912778,0.313425,0.576647,0.821285,0.368725,0.703696,0.703558
0.788231,0.227729,0.773567,0.0319834,0.998413,0.877255,0.770979,0.853969,0.60387,1.02087
0.812253,0.812799,1.12924,0.664327,0.982696,0.188299,0.886092,0.269509,0.978149,1.01359
0.817401,0.371044,1.20546,0.812525,0.0368053,0.350444,0.91076,0.86169,0.193091,0.575416
0.803537,0.366894,1.00018,0.687002,0.979827,0.8764,0.844324,0.710776,0.348827,1.01226
0.772212,0.0349742,0.536402,0.242744,0.95529,0.866482,0.694221,0.360485,0.537797,1.0009
0.798312,0.561296,0.922828,0.129246,0.753685,0.877468,0.819287,0.0993683,0.327982,0.907504
0.777791,0.39787,0.619001,0.0343944,0.26957,0.345592,0.720954,0.482253,0.409162,0.683242
0.799478,0.119785,0.940096,0.446577,0.232276,0.603442,0.824876,0.0441908,0.741478,0.665966
0.804502,0.324931,1.01447,0.861843,0.581896,0.846583,0.848948,0.198767,0.723716,0.827925
0.797969,0.899014,0.917755,0.0568255,0.0126652,0.557115,0.817646,0.797327,0.219886,0.564234
0.813851,0.201483,1.15289,0.461653,0.202795,0.136357,0.893747,0.564501,0.761406,0.65231
0.781807,0.940184,0.678456,0.841609,0.920896,0.673544,0.740197,0.825953,0.470168,0.984963
0.794391,0.125065,0.864768,0.726859,0.193915,0.514023,0.800496,0.098117,0.574053,0.648196
0.813489,0.84933,1.14754,0.0714133,0.715598,0.306101,0.892016,0.375164,0.381939,0.889861
0.816213,0.893948,1.18787,0.309519,0.760491,0.48085,0.905068,0.973754,0.669424,0.910657
0.801635,0.44557,0.972032,0.460829,0.399152,0.328532,0.835212,0.257485,0.964019,0.74327
0.788001,0.222114,0.770164,0.866726,0.854152,0.0950346,0.769878,0.56209,0.237587,0.954044
0.786376,0.634754,0.746112,0.20014,0.803278,0.0909452,0.762093,0.498611,0.559526,0.930477
0.790909,0.560076,0.813218,0.655416,0.231697,0.044496,0.783812,0.684347,0.821345,0.665698
0.811295,0.624042,1.11506,0.0962554,0.964293,0.377148,0.881502,0.0021363,0.885739,1.00507
0.806582,0.423658,1.04527,0.33372,0.677419,0.247932,0.858915,0.341288,0.0450453,0.872175
0.807677,0.01648,1.06148,0.501419,0.412275,0.183355,0.864162,0.19364,0.304056,0.749349
0.772257,0.864132,0.537057,0.177953,0.264046,0.772454,0.694433,0.284677,0.432661,0.680684
0.791171,0.139622,0.817107,0.649892,0.00216681,0.203467,0.785071,0.795282,0.479934,0.55937
0.775888,0.267403,0.590827,0.107944,0.0200812,0.66277,0.711836,0.22837,0.0891751,0.567669
0.774344,0.291971,0.567958,0.476791,0.430982,0.486099,0.704434,0.586596,0.35728,0.758015
0.807113,0.681661,1.05313,0.546953,0.819697,0.536821,0.86146,0.382611,0.71807,0.938083
0.802809,0.561449,0.989406,0.0893277,0.244057,0.949095,0.840835,0.352794,0.282785,0.671424
0.817091,0.958831,1.20087,0.855403,0.335673,0.139775,0.909275,0.956725,0.721061,0.713864
0.785374,0.607227,0.731274,0.921995,0.0579546,0.423292,0.757291,0.333354,0.287637,0.585214
0.778045,0.788232,0.622763,0.494736,0.125736,0.0912503,0.722172,0.942503,0.607318,0.616613
0.776808,0.422712,0.604438,0.358715,0.0402844,0.775536,0.716241,0.485397,0.0991241,0.577028
0.789687,0.818384,0.795125,0.820338,0.977691,0.427259,0.777957,0.483627,0.243385,1.01127
0.788121,0.739463,0.771939,0.373943,0.518326,0.551286,0.770453,0.894589,0.534989,0.798476
0.791942,0.135777,0.82852,0.100497,0.149907,0.862911,0.788765,0.0850246,0.236732,0.62781
0.802917,0.516526,0.991012,0.650685,0.0584429,0.612934,0.841355,0.823511,0.653493,0.58544
0.806981,0.0200812,1.05119,0.634327,0.73101,0.600665,0.86083,0.439741,0.582781,0.897
0.815272,0.00698874,1.17394,0.809595,0.594653,0.546617,0.90056,0.312326,0.519303,0.833834
0.77899,0.748314,0.636755,0.318705,0.632984,0.613605,0.7267,0.381481,0.246956,0.851591
0.79532,0.333872,0.878527,0.946074,0.311258,0.301157,0.80495,0.0601215,0.8211,0.702554
0.772605,0.902127,0.542215,0.322123,0.353008,0.263802,0.696102,0.025605,0.22129,0.721894
0.790692,0.462264,0.810005,0.752922,0.128422,0.727134,0.782772,0.64568,0.970702,0.617857
0.776952,0.767907,0.606573,0.282907,0.208869,0.501602,0.716932,0.172979,0.419019,0.655123
0.815075,0.0505081,1.17103,0.227424,0.920713,0.529984,0.899616,0.117679,0.845454,0.984878
0.79896,0.63097,0.932424,0.286111,0.90582,0.353771,0.822393,0.136876,0.169286,0.977979
0.776809,0.0241707,0.604459,0.446516,0.1489,0.762597,0.716248,0.719993,0.135868,0.627343
0.779551,0.682424,0.645061,0.416272,0.644185,0.574908,0.729389,0.946745,0.679189,0.856779
0.782356,0.969085,0.686593,0.272652,0.525132,0.484176,0.74283,0.144444,0.448134,0.801629
0.789981,0.500443,0.799479,0.550554,0.160497,0.83047,0.779366,0.999023,0.260475,0.632715
0.782099,0.706381,0.682789,0.243721,0.784509,0.730827,0.741599,0.347392,0.018128,0.921783
0.78194,0.265938,0.680422,0.879971,0.727836,0.227241,0.740833,0.299905,0.0044557,0.89553
0.813694,0.822352,1.15057,0.434828,0.734733,0.599963,0.892995,0.747673,0.237739,0.898725
0.815167,0.646626,1.17238,0.046968,0.855312,0.0321055,0.900054,0.0934172,0.550432,0.954582
0.814243,0.597217,1.1587,0.877865,0.614154,0.176122,0.895628,0.674154,0.306619,0.842868
0.790792,0.263619,0.811485,0.390515,0.842524,0.648701,0.783251,0.522935,0.25956,0.948658
0.776531,0.844234,0.600338,0.314707,0.542436,0.339061,0.714914,0.369274,0.32371,0.809645
0.791201,0.460067,0.817551,0.221625,0.0880154,0.978332,0.785214,0.655507,0.10004,0.599139
0.812043,0.748161,1.12613,0.76455,0.614277,0.32551,0.885087,0.810968,0.151311,0.842924
0.777123,0.351604,0.609109,0.937864,0.749107,0.801111,0.717753,0.332835,0.496872,0.905383
0.810827,0.0144963,1.10813,0.732047,0.0959807,0.38667,0.879259,0.21012,0.541581,0.602829
0.817428,0.476547,1.20586,0.746605,0.62505,0.401166,0.91089,0.526292,0.92468,0.847915
0.814242,0.626484,1.15868,0.993591,0.357494,0.119785,0.895621,0.403119,0.440138,0.723972
0.807177,0.403882,1.05408,0.434828,0.614917,0.950591,0.861767,0.788476,0.750511,0.843221
0.801936,0.383618,0.976492,0.902005,0.737571,0.179266,0.836656,0.60979,0.195715,0.90004
0.775062,0.0276193,0.578589,0.615558,0.407056,0.786584,0.707875,0.639027,0.390881,0.746931
0.811228,0.288827,1.11406,0.166326,0.619739,0.214942,0.881181,0.295999,0.734031,0.845455
0.814884,0.59685,1.16819,0.829554,0.817682,0.287759,0.8987,0.918638,0.85577,0.93715
0.788385,0.883877,0.77585,0.222816,0.717307,0.16895,0.771718,0.287088,0.726066,0.890652
0.81707,0.432173,1.20055,0.405683,0.033723,0.206397,0.909173,0.921506,0.841578,0.573988
0.778091,0.931547,0.623439,0.735466,0.0517899,0.610858,0.722391,0.952757,0.516495,0.582358
0.812604,0.382977,1.13444,0.712058,0.555956,0.667074,0.887775,0.0941191,0.325236,0.815908
0.803284,0.533128,0.996444,0.581194,0.486923,0.73043,0.843113,0.348735,0.204718,0.783929
0.79726,0.0100711,0.907251,0.986694,0.507859,0.222816,0.814246,0.895871,0.730796,0.793627
0.802783,0.974242,0.989025,0.00228889,0.0715049,0.0628986,0.840712,0.780053,0.914274,0.591491
0.816526,0.8652,1.1925,0.946196,0.79754,0.996582,0.906566,0.675466,0.812769,0.92782
0.776524,0.437422,0.600232,0.581378,0.979553,0.116428,0.71488,0.471572,0.0690634,1.01214
0.780085,0.699637,0.652966,0.458571,0.0207221,0.646199,0.731947,0.756859,0.0496536,0.567966
0.778759,0.332957,0.633331,0.429273,0.632832,0.933317,0.725592,0.0184027,0.544176,0.85152
0.815665,0.602344,1.17975,0.358226,0.596789,0.309427,0.902441,0.967071,0.19657,0.834824
0.773978,0.49855,0.562547,0.604297,0.782281,0.368725,0.702683,0.164739,0.997314,0.920751
0.773235,0.559618,0.551535,0.598865,0.0596332,0.427992,0.699119,0.209815,0.324625,0.585991
0.792066,0.0390027,0.830359,0.422468,0.0283822,0.637837,0.78936,0.353069,0.643941,0.571514
0.809271,0.378216,1.08509,0.0134587,0.312876,0.0480667,0.871802,0.00927763,0.812922,0.703303
0.797548,0.233039,0.91152,0.103153,0.60744,0.590136,0.815628,0.518509,0.332926,0.839758
0.795424,0.937346,0.88007,0.601062,0.618885,0.469253,0.805449,0.849727,0.968963,0.845059
0.783464,0.859523,0.702995,0.241646,0.381115,0.344859,0.748139,0.902036,0.142033,0.734915
0.773818,0.96411,0.56018,0.111667,0.758995,0.592792,0.701917,0.239784,0.870998,0.909964
0.796513,0.608814,0.896197,0.0415967,0.969085,0.484146,0.810668,0.345439,0.964293,1.00729
0.778015,0.583972,0.622319,0.385388,0.795679,0.626759,0.722028,0.362407,0.269387,0.926957
0.802673,0.0764489,0.987398,0.193152,0.981964,0.0822474,0.840185,0.736991,0.823359,1.01325
0.771492,0.407025,0.525729,0.0332041,0.814875,0.565355,0.690767,0.555132,0.581256,0.93585
0.815664,0.305307,1.17973,0.880581,0.470443,0.568529,0.902435,0.120426,0.0652791,0.776295
0.804743,0.498581,1.01804,0.262856,0.551958,0.697378,0.850104,0.329539,0.788537,0.814056
0.809547,0.0800501,1.08917,0.762322,0.129124,0.909085,0.873123,0.594104,0.24662,0.618182
0.780681,0.874783,0.66178,0.566698,0.533464,0.939787,0.734799,0.804041,0.0274056,0.805489
0.808031,0.30427,1.06672,0.0203253,0.609607,0.96878,0.865858,0.625904,0.604022,0.840761
0.813985,0.781518,1.15488,0.234352,0.92349,0.662435,0.89439,0.917997,0.464522,0.986165
0.77794,0.93289,0.621199,0.841609,0.626057,0.307474,0.721666,0.930174,0.570605,0.848381
0.787841,0.588427,0.767797,0.849544,0.272774,0.490463,0.769112,0.243568,0.314127,0.684727
0.786125,0.216224,0.742392,0.103824,0.508347,0.198065,0.760889,0.708243,0.0248115,0.793853
0.782391,0.279305,0.6871,0.705435,0.457472,0.973052,0.742994,0.235572,0.189398,0.770286
0.805507,0.560717,1.02935,0.710837,0.593219,0.452254,0.853764,0.980804,0.943907,0.83317
0.814778,0.874416,1.16663,0.0525834,0.884457,0.609729,0.898193,0.989563,0.0211493,0.968083
0.792727,0.250069,0.840145,0.0876492,0.471419,0.829951,0.792527,0.0518509,0.010712,0.776747
0.794976,0.301401,0.873434,0.898709,0.159978,0.157414,0.803301,0.633869,0.146977,0.632475
0.815751,0.727134,1.18102,0.925413,0.751305,0.512925,0.902852,0.97702,0.616291,0.906401
0.812629,0.866604,1.1348,0.340373,0.490432,0.0257881,0.887892,0.992157,0.49556,0.785555
0.803797,0.231086,1.00403,0.486709,0.78222,0.469192,0.845569,0.377056,0.732078,0.920723
0.80429,0.19071,1.01134,0.744499,0.734306,0.532182,0.847936,0.739525,0.692007,0.898527
0.771796,0.446791,0.530231,0.768975,0.830683,0.64565,0.692224,0.175939,0.426374,0.943173
0.798211,0.890347,0.921327,0.137577,0.878353,0.452284,0.818802,0.568194,0.0128483,0.965255
0.793004,0.574328,0.844245,0.699118,0.640584,0.928739,0.793854,0.968047,0.487686,0.855111
0.793504,0.028779,0.851643,0.531358,0.391644,0.298044,0.796248,0.495529,0.0513627,0.739792
0.801074,0.995239,0.963726,0.427046,0.264657,0.830775,0.832524,0.862575,0.822962,0.680966
0.789867,0.0592364,0.797789,0.233924,0.0477004,0.700613,0.778819,0.0216376,0.338725,0.580463
0.789775,0.61919,0.796436,0.817316,0.650105,0.0168767,0.778381,0.93701,0.145146,0.859522
0.771848,0.256935,0.531013,0.0977203,0.0153203,0.801752,0.692477,0.993194,0.628956,0.565464
0.793875,0.169836,0.857138,0.537431,0.821802,0.212256,0.798027,0.978118,0.0752586,0.939059
0.778084,0.116123,0.623334,0.757714,0.937559,0.286538,0.722356,0.382733,0.722312,0.992682
0.786128,0.231483,0.742434,0.831812,0.75985,0.843074,0.760903,0.13126,0.285623,0.91036
0.80267,0.494888,0.987355,0.845515,0.959716,0.245033,0.840172,0.37672,0.195166,1.00295
0.792793,0.959807,0.841117,0.273598,0.334025,0.0954619,0.792842,0.531846,0.829615,0.713101
0.802563,0.0492874,0.98577,0.550035,0.866909,0.0622272,0.839659,0.797784,0.852321,0.959954
0.791978,0.0796228,0.829048,0.633839,0.0678121,0.0466018,0.788936,0.0888089,0.460646,0.58978
0.7732,0.337657,0.551028,0.357524,0.265084,0.622394,0.698955,0.601093,0.742576,0.681164
0.800487,0.279733,0.955039,0.618091,0.176824,0.259102,0.829712,0.452406,0.667318,0.640279
0.809754,0.515549,1.09223,0.970641,0.719535,0.904813,0.874115,0.600696,0.807459,0.891684
0.800626,0.490555,0.957089,0.7228,0.39198,0.856166,0.830376,0.949065,0.465896,0.739948
0.807976,0.412275,1.06592,0.899625,0.570177,0.168371,0.865598,0.324717,0.288797,0.822496
0.808269,0.924711,1.07025,0.981017,0.657582,0.738304,0.867,0.0345164,0.821345,0.862985
0.783456,0.601062,0.702868,0.666524,0.404065,0.992767,0.748098,0.597247,0.531968,0.745546
0.77701,0.292154,0.60744,0.0254219,0.0148015,0.385083,0.717212,0.724937,0.0392468,0.565223
0.772024,0.475753,0.533612,0.588549,0.502457,0.0960723,0.693318,0.718253,0.407727,0.791125
0.795524,0.401654,0.88155,0.820948,0.968139,0.734153,0.805928,0.637928,0.706992,1.00685
0.775753,0.951323,0.588819,0.334727,0.620655,0.701621,0.711186,0.593432,0.868221,0.845879
0.804637,0.548357,1.01648,0.732261,0.508225,0.0696432,0.849598,0.842586,0.88876,0.793797
0.794817,0.834925,0.871087,0.507614,0.829127,0.907712,0.802542,0.470412,0.770898,0.942452
0.800876,0.794427,0.960788,0.42375,0.858486,0.806879,0.831573,0.794458,0.423688,0.956052
0.81634,0.80166,1.18975,0.0106204,0.46556,0.650075,0.905677,0.699393,0.676687,0.774033
0.802118,0.592853,0.979176,0.557909,0.0447401,0.655934,0.837524,0.35493,0.45674,0.579092
0.79338,0.870083,0.849804,0.55031,0.148259,0.0588092,0.795653,0.772668,0.479324,0.627046
0.815085,0.318064,1.17117,0.496109,0.687033,0.00820948,0.899664,0.379406,0.883389,0.876628
0.795267,0.939177,0.877745,0.912809,0.905057,0.927549,0.804696,0.439863,0.0755028,0.977626
0.787231,0.267922,0.758772,0.331797,0.10126,0.641896,0.766191,0.735191,0.326792,0.605275
0.785204,0.943327,0.728759,0.274117,0.402875,0.257302,0.756477,0.563402,0.468337,0.744995
0.783693,0.718772,0.706376,0.729423,0.00433363,0.109622,0.749233,0.00402844,0.722373,0.560374
0.811719,0.127628,1.12134,0.375561,0.649312,0.0346385,0.883534,0.20249,0.33021,0.859154
0.771978,0.774895,0.532936,0.324564,0.961516,0.580645,0.693099,0.656667,0.679525,1.00378
0.81133,0.472884,1.11557,0.545061,0.998016,0.178289,0.881667,0.813166,0.765069,1.02069
0.796837,0.175909,0.900995,0.990967,0.32606,0.582293,0.812221,0.284463,0.652425,0.709411
0.774088,0.0266732,0.564175,0.90112,0.45848,0.568133,0.70321,0.0554827,0.425031,0.770753
0.798787,0.0416272,0.929866,0.217811,0.923795,0.151402,0.821565,0.665456,0.703085,0.986306
0.810178,0.454787,1.09851,0.254616,0.803003,0.8764,0.876146,0.132237,0.881497,0.93035
0.771954,0.8623,0.532577,0.298105,0.251778,0.485458,0.692983,0.144078,0.407697,0.675
0.773048,0.136113,0.548767,0.861629,0.411237,0.18067,0.698223,0.465285,0.847407,0.748868
0.809444,0.0144658,1.08764,0.121921,0.619861,0.404218,0.87263,0.151677,0.365551,0.845512
0.806131,0.212775,1.03859,0.890255,0.819422,0.676473,0.856753,0.481826,0.12299,0.937956
0.782648,0.818537,0.690905,0.232032,0.585803,0.919248,0.744226,0.805506,0.943663,0.829734
0.779019,0.797205,0.637178,0.883267,0.167486,0.847865,0.726837,0.946318,0.616199,0.635953
0.810112,0.779656,1.09754,0.549669,0.351573,0.0849025,0.875832,0.525742,0.454421,0.72123
0.817898,0.658498,1.21281,0.240455,0.796564,0.824183,0.91314,0.269631,0.0943937,0.927367
0.778112,0.298746,0.623756,0.947111,0.615955,0.198096,0.722493,0.627979,0.0440687,0.843702
0.811518,0.781426,1.11836,0.442885,0.756798,0.972625,0.88257,0.173193,0.0857265,0.908946
0.790149,0.921506,0.801973,0.750542,0.851222,0.446028,0.780173,0.00625629,0.290139,0.952687
0.803888,0.842128,1.00538,0.0161748,0.575213,0.677358,0.846007,0.611896,0.184332,0.824829
0.799637,0.242622,0.942442,0.432173,0.207038,0.401105,0.825635,0.446852,0.992553,0.654275
0.786625,0.498764,0.749789,0.709067,0.923032,0.358989,0.763284,0.587603,0.556108,0.985953
0.811298,0.023011,1.1151,0.313059,0.371929,0.450789,0.881516,0.92526,0.0197455,0.730659
0.798072,0.0757164,0.919277,0.669149,0.441359,0.719993,0.818138,0.0424207,0.309763,0.762822
0.812756,0.0308847,1.13668,0.180242,0.864986,0.455794,0.8885,0.571429,0.464644,0.959063
0.815886,0.356212,1.18303,0.158422,0.557207,0.586474,0.903502,0.0298776,0.221625,0.816487
0.771728,0.715323,0.529237,0.440779,0.514512,0.775536,0.691902,0.957213,0.896695,0.796709
0.805106,0.409803,1.02341,0.188849,0.27073,0.179479,0.851842,0.45027,0.70098,0.68378
0.793847,0.180425,0.856715,0.922483,0.427747,0.410993,0.79789,0.0967742,0.29725,0.756517
0.788662,0.297922,0.77995,0.998535,0.249397,0.815485,0.773045,0.427931,0.488327,0.673898
0.776087,0.182104,0.593765,0.808252,0.696799,0.51735,0.712786,0.17835,0.453352,0.881152
0.795306,0.744896,0.878316,0.159429,0.745903,0.528642,0.804881,0.526963,0.00930815,0.903899
0.797808,0.134739,0.915367,0.58269,0.539659,0.0557878,0.816873,0.686941,0.290719,0.808358
0.80641,0.0582293,1.04273,0.928831,0.490982,0.556352,0.858094,0.0735496,0.19187,0.785809
0.773997,0.52562,0.562822,0.403577,0.671865,0.0130924,0.702772,0.362316,0.972411,0.869602
0.78926,0.358867,0.788806,0.857387,0.426527,0.653829,0.775911,0.505142,0.518174,0.755951
0.803645,0.806726,1.00179,0.109317,0.565081,0.540147,0.844844,0.484451,0.700888,0.820135
0.786422,0.158818,0.746788,0.270608,0.558428,0.431928,0.762312,0.518113,0.747032,0.817053
0.772421,0.899869,0.539488,0.263283,0.00119022,0.676016,0.69522,0.418012,0.163121,0.558918
0.811331,0.131809,1.11559,0.67156,0.954711,0.970305,0.881673,0.469069,0.738823,1.00063
0.813028,0.0292367,1.14072,0.340159,0.0978118,0.153844,0.889807,0.303385,0.576373,0.603677
0.803464,0.181433,0.999107,0.997528,0.610279,0.465835,0.843975,0.618519,0.760094,0.841072
0.798867,0.818079,0.93105,0.506272,0.889492,0.255837,0.821948,0.376629,0.449232,0.970416
0.795376,0.249214,0.879352,0.62685,0.176061,0.266121,0.805216,0.0188299,0.172216,0.639925
0.811539,0.570696,1.11867,0.556566,0.722526,0.91995,0.882672,0.761986,0.598346,0.89307
0.814295,0.346904,1.15946,0.697348,0.0279855,0.927396,0.895874,0.764946,0.135563,0.571331
0.798176,0.539933,0.92082,0.572497,0.286477,0.429609,0.818638,0.833796,0.77398,0.691075
0.783277,0.664907,0.700226,0.292306,0.458388,0.555834,0.747242,0.569323,0.518296,0.770711
0.78702,0.870754,0.755644,0.883694,0.184027,0.158757,0.765178,0.510483,0.57796,0.643615
0.772178,0.932524,0.535895,0.997253,0.532304,0.264229,0.694057,0.821375,0.208045,0.804951
0.809338,0.94528,1.08608,0.073336,0.66332,0.128239,0.872124,0.252785,0.329447,0.865643
0.797961,0.105197,0.917629,0.8558,0.988464,0.724906,0.817605,0.0652181,0.113193,1.01626
0.78894,0.153233,0.784071,0.192267,0.621754,0.679006,0.774379,0.211554,0.268532,0.846388
0.80547,0.55797,1.0288,0.482528,0.106204,0.154363,0.853586,0.810236,0.930723,0.607565
0.809842,0.800256,1.09354,0.159459,0.36845,0.505844,0.874539,0.0354625,0.115818,0.729048
0.778259,0.895138,0.625933,0.645253,0.328898,0.246895,0.723198,0.393139,0.877163,0.710725
0.802206,0.072512,0.980486,0.659047,0.0239875,0.751915,0.837948,0.428327,0.648579,0.569479
0.783416,0.872311,0.702276,0.641377,0.255776,0.208228,0.747906,0.872585,0.652089,0.676852
0.807885,0.822413,1.06456,0.81225,0.970031,0.958129,0.86516,0.767083,0.736717,1.00772
0.799281,0.388287,0.937179,0.879055,0.0159307,0.753838,0.823932,0.27253,0.552477,0.565746
0.793558,0.548784,0.852446,0.641072,0.559862,0.525071,0.796508,0.0773339,0.331278,0.817717
0.814313,0.671957,1.15974,0.865749,0.640248,0.352733,0.895963,0.534684,0.511338,0.854955
0.803845,0.450941,1.00475,0.965636,0.49089,0.0953093,0.845801,0.541032,0.337291,0.785767
0.796228,0.281381,0.89197,0.925779,0.479537,0.741203,0.8093,0.906034,0.51442,0.780508
0.797525,0.949461,0.911182,0.0213019,0.94409,0.0317698,0.815518,0.601947,0.257729,0.995707
0.782996,0.982147,0.696062,0.040437,0.602283,0.428053,0.745895,0.81283,0.984588,0.837368
0.780358,0.72805,0.657003,0.864071,0.942503,0.0772118,0.733253,0.770074,0.091464,0.994972
0.810534,0.594806,1.10379,0.85522,0.0667135,0.189489,0.877856,0.170995,0.935392,0.589271
0.791972,0.272378,0.828964,0.680929,0.491226,0.452284,0.788908,0.522629,0.329264,0.785922
0.800202,0.131962,0.950812,0.751305,0.630146,0.0285348,0.828344,0.186834,0.612354,0.850276
0.810143,0.197943,1.098,0.56328,0.0636311,0.214942,0.875982,0.390088,0.14359,0.587843
0.789147,0.600513,0.787136,0.561419,0.450209,0.382427,0.775371,0.633564,0.583728,0.766922
0.791547,0.48735,0.822665,0.254494,0.0159001,0.783532,0.78687,0.520798,0.135716,0.565732
0.811141,0.355327,1.11278,0.643513,0.282601,0.119083,0.880764,0.974456,0.440291,0.689279
0.786068,0.229926,0.741546,0.979461,0.670858,0.2472,0.760616,0.862575,0.412091,0.869135
0.815497,0.478439,1.17726,0.239448,0.202521,0.704093,0.901634,0.165502,0.0389416,0.652182
0.815501,0.691794,1.17732,0.825312,0.234626,0.572985,0.901655,0.711753,0.435347,0.667055
0.814816,0.948149,1.16718,0.962004,0.607898,0.458052,0.898371,0.136906,0.203711,0.83997
0.798128,0.671133,0.920101,0.394024,0.526017,0.196234,0.818405,0.882229,0.1601,0.802039
0.80298,0.982574,0.991942,0.496841,0.817652,0.695639,0.841656,0.44673,0.603687,0.937136
0.78398,0.237526,0.710625,0.715812,0.825983,0.873501,0.750608,0.263405,0.543321,0.940996
0.783397,0.513565,0.702001,0.804407,0.588336,0.358165,0.747817,0.0477615,0.787835,0.830908
0.773056,0.235817,0.548893,0.81933,0.128117,0.210273,0.698264,0.196112,0.740471,0.617715
0.810169,0.898038,1.09838,0.881069,0.961211,0.15305,0.876105,0.133122,0.694601,1.00364
0.794463,0.484359,0.865846,0.0302133,0.805261,0.0748314,0.800845,0.0171819,0.28431,0.931396
0.797674,0.326456,0.91338,0.118198,0.641224,0.816492,0.81623,0.255684,0.994324,0.855408
0.775477,0.537492,0.58474,0.132054,0.334971,0.298532,0.709866,0.440046,0.420454,0.713539
0.774675,0.570788,0.572861,0.10416,0.230323,0.547288,0.706021,0.972045,0.992859,0.665062
0.803361,0.336528,0.997585,0.105411,0.369915,0.7687,0.843483,0.266762,0.666158,0.729726
0.815324,0.348155,1.1747,0.973418,0.70809,0.544908,0.900807,0.772576,0.146001,0.886383
0.773417,0.169225,0.554241,0.380627,0.221107,0.365001,0.699995,0.39906,0.692862,0.660792
0.778108,0.29017,0.623693,0.746178,0.204535,0.547655,0.722473,0.646016,0.135624,0.653116
0.772525,0.219275,0.541031,0.52617,0.871731,0.302835,0.695719,0.351604,0.930082,0.962188
0.775115,0.922819,0.579371,0.141636,0.962523,0.932096,0.708128,0.918546,0.560747,1.00425
0.799303,0.739677,0.937496,0.172308,0.0784936,0.447371,0.824035,0.597766,0.979888,0.594728
0.779396,0.807001,0.642758,0.717948,0.0688803,0.930418,0.728643,0.626576,0.229957,0.590275
0.77349,0.650441,0.555319,0.861019,0.0723289,0.181372,0.700343,0.220923,0.134342,0.591872
0.781229,0.686697,0.669896,0.513443,0.668966,0.468368,0.737426,0.254494,0.425275,0.868259
0.777047,0.270089,0.607989,0.547166,0.966033,0.567156,0.71739,0.627216,0.135533,1.00587
0.788553,0.766869,0.778344,0.265358,0.590808,0.65276,0.772525,0.818812,0.970061,0.832053
0.799425,0.0644246,0.939314,0.775262,0.338145,0.96646,0.824623,0.624836,0.927549,0.715009
0.807858,0.721763,1.06416,0.38435,0.222724,0.664937,0.86503,0.634205,0.101321,0.661541
0.806031,0.859066,1.03711,0.243934,0.713858,0.0975982,0.856274,0.1142,0.653523,0.889055
0.792426,0.341563,0.835685,0.795526,0.731223,0.374767,0.791084,0.278268,0.63918,0.897099
0.806694,0.0443739,1.04694,0.677114,0.93112,0.838618,0.859455,0.0885037,0.667043,0.989699
0.790883,0.484298,0.812837,0.141606,0.903073,0.998169,0.783689,0.9064,0.394055,0.976707
0.79833,0.0207831,0.923103,0.765374,0.789422,0.0553301,0.819376,0.739586,0.98587,0.924059
0.796341,0.838191,0.893639,0.306436,0.672414,0.209357,0.809841,0.781457,0.7781,0.869856
0.782803,0.618519,0.693209,0.553148,0.0511185,0.471419,0.744971,0.325938,0.539903,0.582047
0.780689,0.540574,0.661907,0.382519,0.370373,0.910855,0.734841,0.298776,0.815027,0.729938
0.774578,0.604053,0.571424,0.14832,0.930784,0.2219,0.705556,0.21128,0.879727,0.989543
0.807766,0.568682,1.06281,0.701926,0.542467,0.982147,0.864593,0.530992,0.800073,0.809659
0.801295,0.777367,0.967002,0.149754,0.787072,0.37672,0.833584,0.249275,0.841792,0.92297
0.806723,0.640034,1.04736,0.995544,0.438734,0.401074,0.859592,0.0148015,0.370281,0.761606
0.808352,0.696738,1.07148,0.845119,0.953887,0.501968,0.867397,0.5992,0.137669,1.00025
0.798496,0.759941,0.925554,0.771905,0.618671,0.782373,0.82017,0.776849,0.334971,0.84496
0.813615,0.868007,1.1494,0.156163,0.631825,0.376995,0.892618,0.230232,0.0703452,0.851053
0.782709,0.157994,0.691814,0.235511,0.155217,0.230384,0.74452,0.0745872,0.905332,0.63027
0.801815,0.423505,0.974695,0.622669,0.639882,0.423841,0.836074,0.937162,0.708213,0.854786
0.798843,0.786462,0.93069,0.120334,0.290384,0.0861538,0.821832,0.634785,0.582842,0.692884
0.793344,0.021424,0.849275,0.546068,0.718467,0.360881,0.795482,0.769646,0.989349,0.89119
0.804823,0.438368,1.01923,0.324686,0.717032,0.282327,0.850487,0.931364,0.537706,0.890525
0.813284,0.0421461,1.1445,0.885372,0.108829,0.18891,0.891031,0.498947,0.512436,0.608781
0.786187,0.506302,0.7433,0.821711,0.56325,0.233131,0.761184,0.883419,0.45851,0.819287
0.795762,0.269265,0.885079,0.733299,0.432936,0.977996,0.80707,0.23133,0.319437,0.75892
0.815155,0.0682699,1.17221,0.609699,0.257485,0.102603,0.899999,0.894162,0.209052,0.677644
0.809659,0.24485,1.09084,0.328013,0.585894,0.176244,0.873663,0.654561,0.913541,0.829777
0.802011,0.982055,0.977591,0.0869778,0.385327,0.537858,0.837011,0.0208747,0.808588,0.736866
0.79967,0.506455,0.942928,0.69863,0.560442,0.42964,0.825793,0.797113,0.212867,0.817986
0.778007,0.615528,0.622192,0.807031,0.0331126,0.152135,0.721987,0.889065,0.887326,0.573706
0.798293,0.0710166,0.922553,0.325144,0.966369,0.308329,0.819198,0.712302,0.234809,1.00603
0.772665,0.367504,0.543102,0.720939,0.577044,0.817316,0.69639,0.362804,0.481796,0.825677
0.783213,0.955535,0.699275,0.743217,0.620746,0.0115055,0.746935,0.298166,0.166784,0.845922
0.809127,0.860073,1.08295,0.367321,0.0415052,0.804163,0.871112,0.588916,0.450514,0.577594
0.772566,0.337474,0.541644,0.962767,0.0858791,0.184576,0.695918,0.654103,0.233131,0.598149
0.795413,0.24189,0.879901,0.651448,0.645589,0.615558,0.805394,0.46205,0.534318,0.857429
0.807091,0.289529,1.05281,0.0252083,0.549699,0.564409,0.861357,0.0800195,0.532853,0.81301
0.814968,0.0509659,1.16944,0.490158,0.602802,0.616962,0.899103,0.443892,0.783776,0.837609
0.817622,0.992706,1.20873,0.119144,0.101871,0.38847,0.91182,0.169073,0.933439,0.605557
0.803698,0.17246,1.00257,0.312449,0.265694,0.907193,0.845097,0.632557,0.35081,0.681447
0.808429,0.0689108,1.07262,0.536241,0.382244,0.489456,0.867767,0.556963,0.27839,0.735438
0.81288,0.22013,1.13852,0.820521,0.934782,0.912961,0.889095,0.643391,0.12009,0.991395
0.81054,0.300913,1.10388,0.500656,0.892636,0.875027,0.877884,0.892575,0.730857,0.971872
0.794175,0.786859,0.861576,0.161718,0.707389,0.560076,0.799463,0.85754,0.963134,0.886058
0.814267,0.649617,1.15906,0.673116,0.0939665,0.484085,0.895744,0.611896,0.156224,0.601896
0.787623,0.0836818,0.764563,0.357921,0.2537,0.195959,0.768065,0.541093,0.156804,0.675891
0.809852,0.262764,1.09369,0.038667,0.880093,0.844356,0.874587,0.256233,0.166814,0.966061
0.810098,0.136479,1.09733,0.114475,0.99237,0.33961,0.875763,0.863796,0.347087,1.01807
0.810179,0.217536,1.09853,0.0616169,0.256996,0.65508,0.876153,0.498398,0.938444,0.677418
0.787356,0.562578,0.760611,0.610096,0.431684,0.4373,0.766786,0.573901,0.978423,0.75834
0.77343,0.178259,0.554431,0.554399,0.182836,0.00790429,0.700056,0.856075,0.285073,0.643064
0.787734,0.632282,0.766212,0.174474,0.0600909,0.734947,0.768599,0.643391,0.979431,0.586203
0.785828,0.106906,0.737995,0.788781,0.666494,0.164464,0.759467,0.400983,0.871242,0.867114
0.816149,0.453719,1.18692,0.521653,0.741844,0.762535,0.90476,0.206519,0.317576,0.902019
0.793238,0.758843,0.847711,0.0972625,0.505539,0.653676,0.794976,0.743736,0.97409,0.792553
0.816945,0.333811,1.19871,0.0433668,0.725181,0.388653,0.908577,0.203742,0.435438,0.8943
0.80111,0.0574053,0.964254,0.69924,0.594287,0.0653096,0.832695,0.309549,0.00646992,0.833664
0.805168,0.28251,1.02434,0.209571,0.722709,0.569658,0.852143,0.932524,0.185095,0.893155
0.813409,0.694296,1.14636,0.863643,0.670492,0.416028,0.891633,0.548509,0.202002,0.868966
0.799952,0.873257,0.947113,0.990143,0.706412,0.411542,0.827147,0.82754,0.309061,0.885605
0.799471,0.567583,0.93999,0.912412,0.825617,0.482864,0.824842,0.36491,0.566759,0.940826
0.780925,0.868496,0.665394,0.0366527,0.693014,0.610462,0.735969,0.863247,0.40022,0.879399
0.786229,0.0812098,0.743935,0.101566,0.198614,0.157506,0.761389,0.83517,0.550615,0.650373
0.807829,0.795404,1.06374,0.761193,0.510117,0.363048,0.864894,0.623585,0.236518,0.794673
0.807255,0.999664,1.05524,0.216803,0.135166,0.797784,0.862144,0.330912,0.999451,0.620981
0.811054,0.634999,1.11149,0.0539567,0.948088,0.0656148,0.880346,0.936064,0.052736,0.997559
0.793861,0.618854,0.856927,0.908475,0.845027,0.867702,0.797958,0.604694,0.954039,0.949817
0.79136,0.594775,0.819897,0.813044,0.447493,0.179205,0.785974,0.649983,0.304483,0.765663
0.777904,0.593127,0.620671,0.49733,0.359233,0.987609,0.721495,0.350078,0.87698,0.724778
0.799263,0.19425,0.936904,0.343699,0.169103,0.145573,0.823843,0.272744,0.428022,0.636702
0.780593,0.978881,0.66049,0.327158,0.4962,0.986145,0.734382,0.343669,0.0490127,0.788227
0.805421,0.231513,1.02808,0.648335,0.56859,0.829035,0.853353,0.390912,0.624561,0.821761
0.813407,0.0422987,1.14632,0.852016,0.719382,0.782647,0.89162,0.638447,0.298563,0.891614
0.785775,0.239051,0.737213,0.293741,0.0767235,0.24781,0.759213,0.71981,0.425825,0.593908
0.779992,0.255135,0.651592,0.647572,0.334666,0.0552385,0.731502,0.528794,0.0428785,0.713397
0.77775,0.406812,0.618388,0.536637,0.793115,0.980499,0.720756,0.867977,0.354808,0.92577
0.787962,0.794946,0.769593,0.554643,0.554521,0.792566,0.769693,0.276284,0.950743,0.815243
0.795819,0.272469,0.885925,0.335215,0.859645,0.202063,0.807344,0.101413,0.00503555,0.956589
0.813975,0.900052,1.15473,0.319193,0.67748,0.109745,0.894342,0.992706,0.504929,0.872203
0.794185,0.379437,0.861724,0.401288,0.0199896,0.4579,0.799511,0.167577,0.94995,0.567627
0.807876,0.727561,1.06444,0.519242,0.117496,0.259835,0.865119,0.750664,0.481582,0.612796
0.798924,0.206488,0.931895,0.173803,0.410291,0.634754,0.822222,0.216651,0.684561,0.74843
0.786859,0.0529496,0.753255,0.381573,0.394787,0.708335,0.764405,0.0574053,0.988189,0.741248
0.790877,0.604572,0.812753,0.153569,0.49678,0.771172,0.783662,0.666005,0.92114,0.788495
0.784249,0.353984,0.714619,0.422712,0.592242,0.596698,0.751901,0.406201,0.346294,0.832717
0.803908,0.361248,1.00568,0.0469069,0.898068,0.983764,0.846102,0.112033,0.632435,0.974388
0.814386,0.668111,1.16082,0.818323,0.314737,0.0143742,0.896312,0.841639,0.887509,0.704166
0.812659,0.976043,1.13524,0.255226,0.229591,0.498795,0.888035,0.732231,0.886959,0.664722
0.786341,0.22364,0.745583,0.141942,0.987915,0.361034,0.761922,0.460524,0.779565,1.01601
0.810307,0.895779,1.10043,0.0372021,0.711905,0.194769,0.876769,0.660817,0.373821,0.88815
0.813901,0.346965,1.15363,0.741295,0.521043,0.831965,0.893986,0.64803,0.44026,0.799735
0.774872,0.95352,0.575778,0.790948,0.715995,0.805536,0.706965,0.191229,0.196539,0.890044
0.77962,0.66512,0.646076,0.661733,0.0663167,0.828608,0.729717,0.739982,0.0507218,0.589087
0.781497,0.201666,0.673869,0.97409,0.303171,0.630696,0.738712,0.980041,0.64977,0.698808
0.778004,0.282357,0.62215,0.811304,0.949187,0.00253304,0.721973,0.836879,0.275552,0.998068
0.794292,0.355449,0.86331,0.83169,0.780877,0.876186,0.800024,0.327921,0.906339,0.920101
0.808293,0.531999,1.07061,0.109439,0.9588,0.816614,0.867117,0.792688,0.659139,1.00252
0.78122,0.290994,0.669769,0.954283,0.960204,0.224982,0.737385,0.716819,0.457106,1.00317
0.791764,0.219977,0.825878,0.80105,0.18778,0.07004,0.78791,0.0922269,0.418928,0.645354
0.792522,0.0996124,0.837101,0.370403,0.797327,0.546464,0.791542,0.713431,0.3914,0.927721
0.787617,0.106723,0.764479,0.0731529,0.628529,0.915983,0.768038,0.534654,0.624409,0.849527
0.783888,0.709342,0.709272,0.0129398,0.0456252,0.410535,0.75017,0.734977,0.801691,0.579502
0.812467,0.843806,1.13241,0.707053,0.891537,0.619037,0.887119,0.487259,0.158086,0.971363
0.811754,0.671865,1.12184,0.611194,0.0734275,0.912656,0.883698,0.634938,0.373028,0.592381
0.778699,0.819147,0.632443,0.859035,0.835292,0.787744,0.725305,0.0852687,0.529405,0.945308
0.814961,0.005768,1.16933,0.976379,0.728141,0.855159,0.899069,0.233345,0.195379,0.895671
0.815648,0.491348,1.1795,0.316843,0.711234,0.193518,0.902359,0.254036,0.676443,0.887839
0.793034,0.604633,0.844689,0.893307,0.686544,0.200659,0.793998,0.410199,0.643391,0.876402
0.817542,0.935331,1.20755,0.844417,0.757866,0.680258,0.911437,0.94879,0.470687,0.909441
0.791397,0.290628,0.820446,0.027253,0.73925,0.534837,0.786152,0.826991,0.428938,0.900817
0.811825,0.605823,1.1229,0.637135,0.148076,0.201758,0.88404,0.665212,0.860225,0.626961
0.789144,0.74691,0.787094,0.0309458,0.54564,0.676504,0.775357,0.368236,0.268777,0.811129
0.796807,0.873836,0.900551,0.583026,0.931394,0.82345,0.812077,0.19715,0.574023,0.989826
0.812039,0.912229,1.12607,0.014771,0.186956,0.176489,0.885066,0.622303,0.65096,0.644972
0.776377,0.830103,0.598055,0.089816,0.237831,0.713736,0.714175,0.933042,0.185888,0.668539
0.783253,0.605914,0.699866,0.35081,0.963927,0.878719,0.747126,0.777154,0.552721,1.0049
0.781813,0.30488,0.67854,0.818232,0.65508,0.856044,0.740224,0.811945,0.230232,0.861826
0.800178,0.784234,0.950452,0.0394604,0.957396,0.600574,0.828228,0.818079,0.285165,1.00187
0.792182,0.150121,0.832071,0.881741,0.471328,0.557512,0.789914,0.532182,0.0938444,0.776705
0.804764,0.542619,1.01836,0.207465,0.52208,0.954436,0.850207,0.500381,0.539842,0.800215
0.809161,0.689047,1.08346,0.0607318,0.527085,0.942534,0.871276,0.839808,0.708182,0.802534
0.809479,0.394635,1.08817,0.344829,0.735099,0.995788,0.872801,0.862514,0.816553,0.898894
0.79255,0.993194,0.837524,0.454421,0.85754,0.620594,0.791679,0.852809,0.75454,0.955614
0.794209,0.101932,0.862084,0.259194,0.504135,0.380261,0.799628,0.663045,0.342326,0.791902
0.783387,0.411603,0.701853,0.887295,0.262337,0.735649,0.747769,0.519272,0.30079,0.679892
0.801936,0.0274361,0.976492,0.0472732,0.174413,0.656484,0.836656,0.69866,0.978057,0.639162
0.812229,0.687429,1.12888,0.420362,0.535661,0.762719,0.885976,0.589709,0.633564,0.806506
0.815018,0.258889,1.17018,0.284249,0.686422,0.849147,0.899343,0.108921,0.0695822,0.876345
0.783006,0.169012,0.69621,0.61565,0.45024,0.840785,0.745943,0.0343028,0.660726,0.766936
0.788064,0.228645,0.771094,0.73455,0.251991,0.214118,0.770179,0.128727,0.368908,0.675099
0.806532,0.189001,1.04453,0.89169,0.842006,0.245979,0.858675,0.774224,0.761925,0.948418
0.783377,0.862209,0.701705,0.81988,0.761711,0.604297,0.747721,0.92996,0.642933,0.911222
0.800933,0.763298,0.961633,0.513718,0.407636,0.938719,0.831847,0.0509659,0.481521,0.7472
0.792882,0.0476089,0.842427,0.465041,0.332224,0.894467,0.793266,0.828913,0.0357982,0.712266
0.806045,0.48323,1.03732,0.607654,0.238319,0.0892056,0.856343,0.854976,0.117283,0.668766
0.781778,0.0561541,0.678033,0.404431,0.178991,0.00204474,0.74006,0.849178,0.276131,0.641283
0.791979,0.961241,0.82907,0.197241,0.783898,0.222785,0.788943,0.693655,0.181036,0.9215
0.789444,0.084994,0.791532,0.198614,0.977172,0.830866,0.776794,0.0455947,0.0480972,1.01103
0.794408,0.565477,0.865022,0.76751,0.00790429,0.251961,0.800578,0.733573,0.0232856,0.562028
0.800026,0.962554,0.948212,0.704611,0.68096,0.584124,0.827503,0.738395,0.903287,0.873815
0.800832,0.573901,0.960133,0.373699,0.0743126,0.30665,0.831361,0.116886,0.742668,0.592791
0.811918,0.878658,1.12427,0.190161,0.031373,0.966063,0.884485,0.505051,0.598651,0.5729
0.795967,0.408704,0.888102,0.974151,0.125156,0.0551469,0.808048,0.161748,0.972228,0.616344
0.782197,0.40315,0.684226,0.30842,0.319468,0.440962,0.742064,0.051912,0.335093,0.706357
0.780224,0.413495,0.655016,0.588122,0.697928,0.259133,0.73261,0.329417,0.371288,0.881675
0.78185,0.658528,0.67909,0.377453,0.0139164,0.572527,0.740402,0.566454,0.661061,0.564813
0.794666,0.823359,0.868847,0.195959,0.20542,0.744102,0.801817,0.405988,0.777947,0.653526
0.805617,0.945189,1.03098,0.465651,0.231269,0.147588,0.854291,0.457533,0.425214,0.6655
0.808268,0.28312,1.07023,0.126865,0.79574,0.922239,0.866994,0.426008,0.119907,0.926985
0.774184,0.00222785,0.565591,0.294412,0.347758,0.923795,0.703668,0.151006,0.735038,0.719462
0.783875,0.61626,0.709082,0.152043,0.941282,0.600574,0.750109,0.586138,0.465407,0.994407
0.77354,0.04944,0.556058,0.556597,0.954436,0.0526444,0.700583,0.445967,0.027192,1.0005
0.800102,0.656056,0.949332,0.736167,0.406384,0.168432,0.827865,0.884091,0.143223,0.74662
0.7889,0.421949,0.78348,0.54088,0.45851,0.146764,0.774187,0.477279,0.710715,0.770767
0.802408,0.954497,0.983467,0.0276498,0.93115,0.50969,0.838913,0.593738,0.802271,0.989713
0.804071,0.603961,1.00809,0.570879,0.567186,0.202368,0.846882,0.200232,0.0239875,0.82111
0.797034,0.200873,0.903911,0.310953,0.174627,0.254036,0.813165,0.0809046,0.734184,0.639261
0.801597,0.41438,0.971461,0.340464,0.273782,0.787591,0.835028,0.134587,0.383282,0.685193
0.788648,0.340556,0.779739,0.926084,0.306925,0.388348,0.772977,0.997253,0.879757,0.700547
0.808262,0.623127,1.07014,0.376934,0.430158,0.680593,0.866966,0.505875,0.210883,0.757633
0.788001,0.808405,0.770164,0.21128,0.249458,0.924192,0.769878,0.687857,0.800378,0.673926
0.813782,0.00485244,1.15188,0.217231,0.153752,0.121128,0.893419,0.52559,0.649739,0.629591
0.809719,0.105258,1.09172,0.962859,0.0666219,0.381115,0.87395,0.83932,0.648244,0.589229
0.814186,0.394421,1.15786,0.0639973,0.813562,0.645894,0.895355,0.983428,0.313242,0.935242
0.772317,0.276864,0.537945,0.361217,0.527818,0.42613,0.694721,0.0975372,0.935881,0.802873
0.787427,0.316782,0.761667,0.323222,0.784997,0.736229,0.767128,0.209021,0.917814,0.922009
0.795915,0.824244,0.887341,0.409131,0.518296,0.229926,0.807802,0.733146,0.8146,0.798462
0.810522,0.853511,1.1036,0.137638,0.190161,0.847499,0.877795,0.424574,0.920072,0.646457
0.813745,0.311533,1.15133,0.787774,0.900388,0.0870083,0.893241,0.54088,0.745018,0.975463
0.792649,0.197668,0.838982,0.447127,0.0681173,0.427168,0.792151,0.174383,0.759667,0.589921
0.805134,0.564684,1.02384,0.789819,0.7416,0.724021,0.851978,0.163915,0.006592,0.901906
0.777724,0.469069,0.618008,0.849757,0.475784,0.900632,0.720633,0.512955,0.615192,0.778769
0.812532,0.995117,1.13336,0.755119,0.655538,0.612415,0.887426,0.04944,0.574572,0.862038
0.785309,0.433241,0.730302,0.236244,0.531266,0.923643,0.756977,0.579272,0.340556,0.804471
0.807205,0.36848,1.0545,0.343181,0.473189,0.636006,0.861904,0.401502,0.611652,0.777567
0.802951,0.418775,0.991519,0.444899,0.998016,0.103122,0.841519,0.71102,0.086642,1.02069
0.774538,0.384869,0.570832,0.151036,0.697592,0.761589,0.705364,0.920103,0.31016,0.88152
0.811151,0.580432,1.11292,0.662404,0.299631,0.489151,0.880812,0.981017,0.654561,0.697168
0.778928,0.877743,0.635825,0.748131,0.322184,0.0506912,0.726399,0.930723,0.195196,0.707615
0.777403,0.337413,0.613252,0.603809,0.474899,0.074221,0.719094,0.594073,0.495926,0.778359
0.789577,0.393384,0.793498,0.281594,0.736106,0.556261,0.77743,0.837519,0.393567,0.899361
0.772621,0.951048,0.542447,0.263192,0.153447,0.920438,0.696178,0.593524,0.0975372,0.62945
0.8014,0.50914,0.968545,0.52504,0.721946,0.492538,0.834084,0.805445,0.905728,0.892801
0.788433,0.418592,0.776568,0.865383,0.784722,0.996918,0.771951,0.412946,0.888333,0.921882
0.796405,0.608295,0.89459,0.729911,0.101688,0.67864,0.810148,0.311411,0.716758,0.605472
0.788872,0.776757,0.783057,0.190039,0.704733,0.978057,0.774051,0.601062,0.410077,0.884828
0.781036,0.0836512,0.667043,0.0169378,0.524369,0.758324,0.736503,0.832972,0.77221,0.801276
0.816346,0.151189,1.18984,0.308298,0.807733,0.744774,0.905704,0.166326,0.925413,0.932541
0.79659,0.207923,0.897338,0.435987,0.34547,0.215094,0.811038,0.584399,0.549364,0.718402
0.817309,0.087344,1.2041,0.594134,0.224555,0.780206,0.910322,0.0595416,0.520066,0.66239
0.795573,0.31727,0.882268,0.357006,0.643147,0.861263,0.80616,0.994324,0.300455,0.856298
0.801443,0.471816,0.969179,0.274026,0.121677,0.675466,0.834289,0.964324,0.721152,0.614732
0.799491,0.629139,0.940286,0.653432,0.277535,0.402081,0.824938,0.666677,0.155461,0.686932
0.801103,0.332774,0.964148,0.381146,0.152074,0.190466,0.832661,0.417341,0.317392,0.628813
0.797725,0.0793176,0.914141,0.328318,0.651997,0.992279,0.816476,0.00747703,0.274453,0.860398
0.813881,0.614521,1.15333,0.411695,0.832057,0.370708,0.893891,0.963897,0.062685,0.943809
0.786338,0.142827,0.745541,0.939207,0.601642,0.529862,0.761909,0.654103,0.256172,0.837072
0.80618,0.280709,1.03933,0.867031,0.816248,0.73104,0.856993,0.186163,0.891263,0.936486
0.818132,0.824976,1.21628,0.522843,0.744346,0.905667,0.914262,0.439436,0.169134,0.903178
0.801518,0.43907,0.970299,0.826716,0.318155,0.105411,0.834651,0.658193,0.797266,0.705749
0.817651,0.994415,1.20915,0.833033,0.801263,0.66097,0.911957,0.985656,0.993957,0.929544
0.774978,0.220954,0.577342,0.364696,0.401715,0.0525224,0.707471,0.793756,0.261879,0.744457
0.774429,0.107334,0.569226,0.705344,0.960326,0.634297,0.704845,0.272866,0.0806604,1.00323
0.817681,0.518998,1.2096,0.614093,0.176763,0.326182,0.9121,0.800531,0.666128,0.640251
0.776776,0.264595,0.603973,0.382366,0.434309,0.319407,0.71609,0.796503,0.555467,0.759556
0.810524,0.00735496,1.10364,0.234138,0.690298,0.491836,0.877809,0.14948,0.137394,0.878141
0.794252,0.57625,0.862718,0.788476,0.0878933,0.941679,0.799833,0.33491,0.580554,0.599082
0.783084,0.770562,0.697372,0.557787,0.143986,0.921049,0.746319,0.744255,0.367382,0.625067
0.809318,0.107517,1.08578,0.169469,0.492203,0.806574,0.872028,0.0231635,0.108676,0.786375
0.77616,0.969207,0.594843,0.426527,0.608783,0.748833,0.713135,0.95407,0.727378,0.84038
0.784765,0.369427,0.722249,0.325632,0.144047,0.415937,0.75437,0.492721,0.399823,0.625095
0.777373,0.903989,0.612808,0.277261,0.277078,0.561205,0.71895,0.480026,0.12833,0.68672
0.781803,0.521714,0.678392,0.99649,0.979369,0.300394,0.740176,0.416852,0.210578,1.01205
0.77933,0.222663,0.641785,0.0534379,0.114933,0.213752,0.728328,0.284555,0.144414,0.611608
0.811375,0.302622,1.11624,0.927671,0.841914,0.613453,0.881885,0.0234077,0.34962,0.948375
0.774172,0.478469,0.565422,0.602771,0.177252,0.896756,0.703613,0.151555,0.568743,0.640477
0.801691,0.310617,0.972856,0.885067,0.370067,0.394299,0.835479,0.121097,0.342112,0.729797
0.810228,0.414411,1.09925,0.0132756,0.452437,0.976196,0.876386,0.486068,0.424726,0.767954
0.784408,0.764733,0.716965,0.509445,0.950926,0.156743,0.75266,0.0639058,0.38432,0.998874
0.815147,0.841609,1.17208,0.459975,0.534623,0.886624,0.899958,0.331095,0.136631,0.806026
0.794629,0.389111,0.868298,0.54677,0.0982696,0.231391,0.801639,0.970367,0.726096,0.603889
0.776272,0.427473,0.596512,0.204962,0.306253,0.0466323,0.713676,0.901578,0.699179,0.700236
0.782445,0.724174,0.687904,0.772973,0.955657,0.194281,0.743254,0.546983,0.213324,1.00107
0.817592,0.734916,1.20829,0.0461135,0.776879,0.0449232,0.911676,0.836085,0.897488,0.918249
0.806846,0.0914029,1.04918,0.980407,0.73693,0.890927,0.86018,0.165319,0.0846889,0.899743
0.793617,0.0817286,0.853312,0.361278,0.889798,0.822718,0.796789,0.470321,0.545946,0.970557
0.791807,0.753075,0.826512,0.833033,0.919645,0.127537,0.788115,0.530045,0.368328,0.984383
0.777173,0.84698,0.609849,0.57799,0.102542,0.884518,0.717992,0.367687,0.958007,0.605868
0.776996,0.637806,0.607228,0.352306,0.0229194,0.182714,0.717144,0.481613,0.492538,0.568984
0.778168,0.35963,0.624581,0.0322275,0.494644,0.330302,0.72276,0.727348,0.0560015,0.787506
0.816657,0.475021,1.19444,0.39143,0.960662,0.0121158,0.907196,0.322703,0.131413,1.00338
0.794245,0.0943937,0.862612,0.39375,0.68038,0.338633,0.799799,0.753441,0.306375,0.873546
0.790503,0.415296,0.807215,0.816614,0.384198,0.506424,0.781869,0.667867,0.981872,0.736342
0.787694,0.18836,0.76562,0.750389,0.534806,0.271645,0.768407,0.234016,0.642994,0.806111
0.794076,0.34312,0.860118,0.366863,0.243416,0.538743,0.798991,0.319468,0.231117,0.671127
0.796572,0.913388,0.897063,0.689291,0.295846,0.443129,0.810949,0.0740074,0.349254,0.695415
0.794576,0.229316,0.867516,0.430555,0.124821,0.930906,0.801386,0.189337,0.0557573,0.616189
0.783336,0.310312,0.701092,0.90875,0.616138,0.411145,0.747523,0.971831,0.128025,0.843787
0.800837,0.154271,0.960217,0.385388,0.89639,0.00061037,0.831388,0.943663,0.71218,0.973611
0.790215,0.341533,0.802946,0.670766,0.226417,0.0589618,0.780488,0.456557,0.92761,0.663252
0.786955,0.182287,0.754672,0.822382,0.924741,0.151158,0.764864,0.973876,0.766076,0.986744
0.794286,0.272286,0.863225,0.382977,0.662313,0.330332,0.799997,0.730064,0.131718,0.865177
0.799079,0.205939,0.934178,0.0390637,0.758202,0.1536,0.822961,0.608875,0.88525,0.909596
0.809744,0.17246,1.09208,0.404218,0.626331,0.917295,0.874067,0.814844,0.0922269,0.848509
0.783997,0.335276,0.710878,0.766869,0.809931,0.478072,0.75069,0.315622,0.511612,0.933559
0.80885,0.0654317,1.07885,0.429151,0.628956,0.0833766,0.869785,0.0192267,0.303598,0.849724
0.781883,0.501907,0.679576,0.318186,0.360942,0.374767,0.740559,0.104526,0.763207,0.72557
0.791434,0.963683,0.820996,0.144017,0.202551,0.768059,0.78633,0.318308,0.420301,0.652197
0.785957,0.809259,0.739898,0.325846,0.249825,0.517777,0.760082,0.593616,0.213874,0.674095
0.814332,0.446455,1.16001,0.887814,0.836695,0.784021,0.896052,0.540788,0.42085,0.945958
0.799788,0.912992,0.944682,0.123508,0.0557573,0.0264901,0.826361,0.311228,0.889828,0.584196
0.803595,0.179266,1.00105,0.420698,0.462935,0.913297,0.844604,0.870602,0.154027,0.772817
0.793491,0.481918,0.851452,0.708975,0.537828,0.696677,0.796187,0.960723,0.0253609,0.80751
0.776706,0.472091,0.602938,0.22602,0.454695,0.655507,0.715755,0.744804,0.887661,0.769
0.793725,0.69924,0.854919,0.265023,0.687094,0.431654,0.797309,0.652547,0.967315,0.876656
0.781808,0.248604,0.678477,0.670003,0.31785,0.906491,0.740204,0.379192,0.943205,0.705608
0.812587,0.936705,1.13419,0.511765,0.111209,0.288369,0.887693,0.659627,0.227882,0.609883
0.795447,0.277444,0.880408,0.448897,0.165899,0.574755,0.805558,0.506973,0.665731,0.635218
0.791287,0.299539,0.818819,0.853175,0.722343,0.366314,0.785625,0.189337,0.18891,0.892985
0.811335,0.822443,1.11565,0.684256,0.316721,0.699179,0.881694,0.0974151,0.47203,0.705085
0.808396,0.819636,1.07213,0.486618,0.966704,0.09888,0.867609,0.122349,0.476241,1.00618
0.80344,0.629902,0.998748,0.410932,0.545,0.641713,0.843859,0.455885,0.168188,0.810832
0.78369,0.795068,0.706334,0.488784,0.242683,0.476394,0.749219,0.763115,0.683096,0.670787
0.777022,0.00720237,0.607609,0.667135,0.300485,0.0160833,0.717267,0.81991,0.752373,0.697564
0.779047,0.260964,0.6376,0.503464,0.828181,0.466384,0.726974,0.508621,0.0439161,0.942013
0.795819,0.289529,0.885925,0.559557,0.180517,0.805475,0.807344,0.981811,0.147282,0.641989
0.793603,0.952971,0.853101,0.158391,0.701559,0.524522,0.79672,0.093997,0.974822,0.883357
0.797181,0.859462,0.906088,0.173254,0.751244,0.239967,0.81387,0.212531,0.364055,0.906373
0.816382,0.517441,1.19036,0.856014,0.222419,0.731254,0.905875,0.84051,0.227058,0.6614
0.817314,0.707511,1.20417,0.641041,0.0726951,0.07828,0.910342,0.458571,0.107639,0.592042
0.778592,0.256172,0.630858,0.240669,0.856777,0.872799,0.724792,0.240669,0.870998,0.95526
0.794019,0.921049,0.859273,0.713767,0.620533,0.587512,0.798718,0.0590533,0.42378,0.845823
0.810102,0.491256,1.09739,0.569933,0.11948,0.833705,0.875784,0.388592,0.562853,0.613715
0.803141,0.0935392,0.99433,0.401105,0.337413,0.368694,0.842429,0.709586,0.276101,0.71467
0.786845,0.825983,0.753044,0.53032,0.782983,0.108585,0.764337,0.32728,0.676077,0.921076
0.804176,0.076693,1.00965,0.309153,0.917447,0.857662,0.847388,0.704245,0.563677,0.983365
0.78498,0.282632,0.725441,0.869381,0.293466,0.194037,0.755403,0.466689,0.0186163,0.694312
0.812861,0.383862,1.13824,0.810419,0.748436,0.465041,0.889007,0.249001,0.659352,0.905072
0.776017,0.643269,0.592729,0.686117,0.370159,0.219062,0.712451,0.944578,0.143712,0.729839
0.802951,0.515091,0.991519,0.770684,0.837489,0.532975,0.841519,0.475967,0.701041,0.946325
0.779137,0.431532,0.638932,0.457778,0.0605487,0.532762,0.727405,0.29075,0.807855,0.586415
0.816637,0.140721,1.19415,0.847011,0.148686,0.200568,0.9071,0.329814,0.221015,0.627244
0.792518,0.974975,0.837038,0.00881985,0.215125,0.220374,0.791522,0.130833,0.0711692,0.658021
0.803808,0.0746178,1.0042,0.991485,0.714011,0.516434,0.845624,0.367046,0.880215,0.889125
0.785287,0.00518815,0.729985,0.769524,0.550127,0.786035,0.756874,0.0585955,0.98941,0.813208
0.807207,0.914792,1.05453,0.366466,0.26191,0.331645,0.861911,0.329752,0.708792,0.679694
0.78178,0.411664,0.678054,0.955535,0.31135,0.648824,0.740067,0.339579,0.942442,0.702596
0.801908,0.755333,0.976069,0.0286874,0.572985,0.283761,0.836519,0.757988,0.967986,0.823796
0.785617,0.187658,0.734867,0.848384,0.165288,0.773431,0.758454,0.906705,0.506241,0.634935
0.818023,0.101718,1.21467,0.091464,0.93585,0.159734,0.913742,0.506088,0.163305,0.99189
0.773566,0.423139,0.556439,0.296243,0.444105,0.819147,0.700706,0.299173,0.526505,0.764094
0.808754,0.677938,1.07744,0.258003,0.572497,0.733024,0.869326,0.461959,0.483932,0.82357
0.794074,0.527421,0.860076,0.00927763,0.389264,0.773705,0.798978,0.899777,0.81988,0.738689
0.77886,0.824213,0.634832,0.251381,0.34843,0.429151,0.726078,0.651296,0.640126,0.719773
0.806447,0.837184,1.04328,0.319987,0.697165,0.256691,0.858272,0.171972,0.837123,0.881322
0.780558,0.271493,0.659962,0.381451,0.108463,0.513047,0.734211,0.87347,0.346416,0.608611
0.796406,0.499496,0.894612,0.939726,0.593371,0.66509,0.810155,0.710379,0.796594,0.83324
0.771684,0.870449,0.528582,0.903745,0.208258,0.531175,0.69169,0.679891,0.175481,0.65484
0.77416,0.148991,0.565231,0.99527,0.976562,0.209998,0.703552,0.917997,0.359752,1.01075
0.780967,0.970794,0.666028,0.570147,0.867397,0.111423,0.736174,0.501541,0.816279,0.96018
0.782406,0.538377,0.687333,0.396222,0.00369274,0.786157,0.74307,0.143773,0.00219733,0.560077
0.776068,0.220679,0.59349,0.46849,0.480148,0.54622,0.712698,0.678396,0.527665,0.78079
0.774171,0.066744,0.565401,0.492233,0.958678,0.649159,0.703606,0.27018,0.952757,1.00247
0.806572,0.204627,1.04512,0.522996,0.607837,0.483474,0.858867,0.669271,0.418622,0.839941
0.807467,0.197729,1.05837,0.1536,0.481979,0.173772,0.863156,0.165044,0.0608234,0.781639
0.794423,0.192907,0.865254,0.506607,0.667531,0.155156,0.800654,0.449538,0.72512,0.867594
0.784665,0.19953,0.72077,0.972442,0.368053,0.657216,0.753892,0.227302,0.328257,0.728864
0.802891,0.956786,0.990632,0.72277,0.951415,0.503555,0.841232,0.660176,0.124882,0.9991
0.810115,0.593493,1.09758,0.361858,0.276925,0.33433,0.875845,0.584155,0.234779,0.686649
0.773741,0.738792,0.559039,0.27369,0.182653,0.950804,0.701547,0.0814844,0.952147,0.642979
0.811561,0.294382,1.11899,0.0521867,0.991882,0.620228,0.882775,0.470473,0.519791,1.01785
0.813855,0.67983,1.15295,0.670431,0.965056,0.019837,0.893768,0.0934782,0.575243,1.00542
0.777541,0.786126,0.615302,0.967681,0.403088,0.204108,0.719757,0.0554827,0.881161,0.745094
0.793127,0.921323,0.846063,0.0805994,0.836055,0.181249,0.794442,0.574206,0.803949,0.945661
0.799564,0.928434,0.941364,0.846339,0.336497,0.122379,0.825287,0.609882,0.242103,0.714246
0.810135,0.844325,1.09787,0.379559,0.815455,0.794,0.875941,0.809015,0.62392,0.936118
0.798667,0.25898,0.928091,0.356578,0.802362,0.455702,0.820991,0.54854,0.941679,0.930053
0.793507,0.105441,0.851685,0.991821,0.976226,0.456191,0.796262,0.0531327,0.442091,1.01059
0.793989,0.0618915,0.858829,0.997986,0.333537,0.952483,0.798574,0.667898,0.550096,0.712874
0.794216,0.903775,0.862189,0.911557,0.276864,0.106662,0.799662,0.0429701,0.987701,0.686621
0.801551,0.14832,0.970785,0.872311,0.945372,0.806269,0.834809,0.944853,0.122074,0.996301
0.786533,0.892758,0.748436,0.89285,0.311075,0.447035,0.762846,0.60268,0.681539,0.702469
0.787671,0.359416,0.765282,0.60097,0.000244148,0.127842,0.768298,0.70452,0.702597,0.55848
0.774372,0.956694,0.568381,0.233161,0.373974,0.310404,0.704571,0.176336,0.279092,0.731606
0.777666,0.381573,0.617141,0.368877,0.0281381,0.483749,0.720352,0.918638,0.917173,0.571401
0.772324,0.331462,0.538051,0.458144,0.942289,0.112766,0.694755,0.249367,0.540452,0.994873
0.786499,0.684561,0.747929,0.421461,0.461959,0.342509,0.762682,0.992004,0.637684,0.772365
0.784396,0.887539,0.716796,0.177618,0.940458,0.110996,0.752605,0.836238,0.205908,0.994025
0.7753,0.380108,0.582119,0.452742,0.421247,0.508103,0.709017,0.756737,0.137577,0.753505
0.788476,0.433271,0.777202,0.0507523,0.643635,0.482192,0.772156,0.127323,0.284402,0.856525
0.80853,0.674642,1.07412,0.323954,0.241462,0.744865,0.868252,0.644215,0.965423,0.670222
0.775166,0.267098,0.580132,0.790338,0.375042,0.858608,0.708374,0.632679,0.21778,0.732101
0.809742,0.482833,1.09206,0.569994,0.526536,0.942534,0.87406,0.27427,0.0953093,0.802279
0.787791,0.527848,0.767057,0.0846583,0.914914,0.524216,0.768872,0.356151,0.495743,0.982192
0.78891,0.802057,0.783628,0.309275,0.222755,0.45204,0.774235,0.107578,0.884487,0.661556
0.78878,0.794122,0.781704,0.840876,0.376049,0.629933,0.773613,0.310801,0.381176,0.732568
0.814462,0.74633,1.16194,0.596118,0.698935,0.77224,0.896675,0.482253,0.103,0.882142
0.813916,0.486679,1.15386,0.881314,0.842372,0.137211,0.894062,0.663076,0.199774,0.948587
0.807213,0.827784,1.05461,0.0697653,0.194372,0.70687,0.861938,0.419507,0.928953,0.648408
0.77356,0.559038,0.556354,0.782006,0.935514,0.382611,0.700679,0.600848,0.764428,0.991735
0.780979,0.278787,0.666197,0.0834376,0.38847,0.566149,0.736229,0.163335,0.444502,0.738322
0.798124,0.347179,0.920038,0.551622,0.297067,0.788934,0.818384,0.280679,0.578692,0.69598
0.814203,0.0541398,1.15811,0.468429,0.379589,0.0833766,0.895437,0.640553,0.951201,0.734208
0.77811,0.911252,0.623714,0.937284,0.374584,0.963317,0.72248,0.546129,0.113498,0.731889
0.790639,0.762902,0.809223,0.823511,0.15949,0.57796,0.782519,0.0121464,0.472091,0.632249
0.773871,0.36848,0.560962,0.934599,0.502426,0.83758,0.70217,0.151097,0.304636,0.791111
0.789189,0.282388,0.787749,0.84817,0.858608,0.647847,0.775569,0.366771,0.247597,0.956108
0.789147,0.211249,0.787136,0.198492,0.701071,0.250069,0.775371,0.591235,0.100314,0.883131
0.805277,0.324564,1.02595,0.879604,0.743065,0.443312,0.852663,0.496139,0.986969,0.902584
0.785591,0.0501419,0.734487,0.123753,0.502121,0.0664693,0.758331,0.968017,0.0233772,0.790969
0.785644,0.881619,0.735269,0.577197,0.290017,0.480514,0.758584,0.728568,0.232948,0.692714
0.811003,0.248817,1.11073,0.0140996,0.0704062,0.211432,0.8801,0.211035,0.924406,0.590982
0.808826,0.403821,1.07849,0.746879,0.778771,0.12833,0.869668,0.0936308,0.55913,0.919125
0.773804,0.144871,0.559969,0.612934,0.559496,0.462325,0.701848,0.0879849,0.0194098,0.817548
0.813925,0.875271,1.15399,0.737327,0.837336,0.465621,0.894103,0.781579,0.569994,0.946255
0.778918,0.608112,0.635677,0.949797,0.631581,0.162114,0.726351,0.361919,0.549181,0.85094
0.792576,0.783654,0.837904,0.795099,0.402203,0.286905,0.791802,0.0648518,0.943205,0.744684
0.788866,0.196844,0.782972,0.591968,0.0201727,0.769036,0.774023,0.842189,0.593982,0.567711
0.813983,0.451704,1.15486,0.36079,0.70632,0.754631,0.894383,0.697012,0.160192,0.885563
0.810479,0.761773,1.10297,0.602741,0.538926,0.997711,0.87759,0.536607,0.354625,0.808019
0.801944,0.433332,0.976597,0.651173,0.334513,0.68218,0.83669,0.412549,0.245857,0.713327
0.786369,0.636464,0.746006,0.424726,0.668569,0.848262,0.762059,0.279519,0.18717,0.868075
0.807235,0.804559,1.05495,0.122257,0.20069,0.810022,0.862048,0.656697,0.90231,0.651334
0.77924,0.174444,0.640454,0.150487,0.411145,0.688711,0.727897,0.703787,0.486923,0.748826
0.818139,0.322672,1.21638,0.677419,0.630055,0.828547,0.914296,0.188208,0.00173956,0.850233
0.777486,0.963195,0.614478,0.839412,0.109622,0.377697,0.71949,0.872921,0.775811,0.609148
0.778829,0.709403,0.634367,0.892239,0.701071,0.435041,0.725927,0.859584,0.624439,0.883131
0.79072,0.197546,0.810428,0.31608,0.0191656,0.816126,0.782909,0.913663,0.686697,0.567245
0.786102,0.86288,0.742053,0.201392,0.738426,0.511124,0.76078,0.800378,0.813623,0.900435
0.774381,0.0473037,0.568507,0.863369,0.207862,0.918699,0.704612,0.21952,0.577288,0.654657
0.80046,0.743217,0.954637,0.0579241,0.474105,0.69628,0.829582,0.545732,0.09653,0.777991
0.796408,0.0360424,0.894633,0.0300607,0.483261,0.428694,0.810162,0.850734,0.877041,0.782233
0.796028,0.130833,0.889011,0.65453,0.0375072,0.337931,0.808342,0.480972,0.713462,0.575742
0.789447,0.0823695,0.791575,0.0330821,0.113407,0.883969,0.776807,0.266671,0.591968,0.610901
0.804647,0.55269,1.01663,0.018067,0.718162,0.144932,0.849646,0.444258,0.529008,0.891048
0.785624,0.568957,0.734973,0.571459,0.76162,0.00418104,0.758488,0.11536,0.292611,0.91118
0.794273,0.533006,0.863035,0.274545,0.493118,0.98175,0.799935,0.56624,0.900266,0.786799
0.796246,0.218879,0.892244,0.91113,0.907895,0.437361,0.809389,0.093936,0.0143437,0.97894
0.801284,0.0771813,0.966833,0.757714,0.751366,0.243233,0.833529,0.551195,0.463851,0.90643
0.773199,0.304605,0.551007,0.468093,0.710959,0.795099,0.698948,0.514786,0.430769,0.887712
0.813305,0.0644551,1.14482,0.529252,0.601947,0.267586,0.891134,0.748344,0.0111698,0.837213
0.817368,0.411267,1.20497,0.440321,0.400403,0.856105,0.910602,0.783502,0.0447096,0.743849
0.807051,0.133702,1.05222,0.909299,0.748497,0.402173,0.861165,0.64388,0.464858,0.905101
0.806597,0.251686,1.0455,0.9382,0.500687,0.340464,0.85899,0.145177,0.606525,0.790305
0.815812,0.820643,1.18193,0.916684,0.274148,0.762383,0.903146,0.953948,0.582232,0.685363
0.813194,0.508774,1.14317,0.168035,0.105136,0.387432,0.8906,0.409528,0.132359,0.60707
0.810726,0.268715,1.10662,0.206519,0.933073,0.536699,0.878773,0.437788,0.512711,0.990604
0.771786,0.987945,0.530083,0.15421,0.661977,0.425092,0.692176,0.546312,0.392102,0.865021
0.8152,0.916532,1.17286,0.298868,0.811426,0.022309,0.900211,0.005768,0.854305,0.934252
0.817444,0.121738,1.20609,0.86993,0.931974,0.130558,0.910965,0.677999,0.181829,0.990095
0.793394,0.284433,0.850015,0.7369,0.630634,0.54503,0.795722,0.792138,0.511399,0.850502
0.782803,0.706961,0.693209,0.110141,0.552507,0.267098,0.744971,0.70922,0.722404,0.81431
0.788593,0.470931,0.778935,0.42494,0.637135,0.155309,0.772717,0.724052,0.581622,0.853513
0.806395,0.294748,1.0425,0.605914,0.621143,0.975311,0.858019,0.247963,0.753258,0.846105
0.799204,0.344646,0.936038,0.899228,0.0897855,0.617634,0.823563,0.870754,0.812311,0.599959
0.811658,0.525101,1.12043,0.373516,0.518937,0.215278,0.88324,0.219062,0.948057,0.798759
0.810669,0.811121,1.10578,0.799768,0.934568,0.853664,0.878499,0.623218,0.998138,0.991297
0.794406,0.517228,0.865,0.738823,0.453261,0.128422,0.800572,0.265999,0.787988,0.768335
0.794966,0.0673238,0.873286,0.472793,0.476852,0.782983,0.803253,0.664144,0.162114,0.779264
0.81131,0.829218,1.11527,0.503525,0.537461,0.737663,0.881571,0.313944,0.616596,0.807341
0.784115,0.554399,0.712632,0.554674,0.849696,0.553819,0.751258,0.860866,0.598224,0.95198
0.782996,0.103641,0.696062,0.947172,0.266243,0.259499,0.745895,0.144597,0.891049,0.681701
0.782007,0.509568,0.681415,0.703787,0.950621,0.595447,0.741154,0.779138,0.980743,0.998733
0.783556,0.946684,0.704347,0.416486,0.61449,0.981903,0.748576,0.140538,0.263771,0.843023
0.803148,0.723106,0.994436,0.476638,0.414747,0.879513,0.842463,0.594806,0.888577,0.750494
0.775407,0.473922,0.583704,0.763359,0.309641,0.796747,0.70953,0.11594,0.701254,0.701805
0.80506,0.451308,1.02274,0.815668,0.22364,0.372478,0.851623,0.902402,0.375561,0.661966
0.781596,0.918882,0.675328,0.479507,0.728019,0.689688,0.739184,0.989013,0.995636,0.895615
0.77745,0.548845,0.613949,0.851344,0.848537,0.0240486,0.719319,0.404462,0.766472,0.951443
0.811388,0.365276,1.11643,0.66863,0.968688,0.404706,0.881947,0.592456,0.380657,1.0071
0.807036,0.884365,1.05199,0.849666,0.516037,0.88641,0.86109,0.84402,0.798364,0.797416
0.813648,0.659719,1.14989,0.614338,0.591479,0.74572,0.892776,0.78692,0.142766,0.832364
0.773928,0.122532,0.561807,0.277413,0.389996,0.228645,0.702444,0.933348,0.681661,0.739029
0.81311,0.507401,1.14192,0.275704,0.88815,0.174932,0.890197,0.865139,0.754387,0.969794
0.816424,0.11243,1.191,0.241554,0.307718,0.917875,0.906081,0.567431,0.750999,0.700914
0.777724,0.279794,0.618008,0.191839,0.0211188,0.14243,0.720633,0.634754,0.7687,0.56815
0.79726,0.546464,0.907251,0.107517,0.321421,0.012299,0.814246,0.407788,0.237495,0.707262
0.805037,0.791284,1.0224,0.630696,0.528336,0.560533,0.851513,0.171087,0.13187,0.803113
0.808093,0.369182,1.06765,0.0410169,0.796503,0.576769,0.866159,0.111881,0.446059,0.927339
0.814933,0.858119,1.16891,0.999054,0.188025,0.642537,0.898932,0.66332,0.311991,0.645467
0.811698,0.744346,1.12102,0.672536,0.337138,0.310282,0.883431,0.189795,0.387951,0.714543
0.784155,0.463851,0.713224,0.165288,0.683767,0.586322,0.751449,0.661367,0.34138,0.875115
0.817793,0.359661,1.21127,0.179846,0.466628,0.79696,0.912641,0.813746,0.829188,0.774528
0.808089,0.442091,1.06759,0.0594806,0.53618,0.919492,0.866138,0.994873,0.145451,0.806747
0.800994,0.585925,0.962542,0.945189,0.914304,0.176794,0.832141,0.0185553,0.886319,0.981909
0.803338,0.37904,0.997247,0.330943,0.995758,0.36552,0.843373,0.300516,0.00817896,1.01964
0.791437,0.632038,0.821038,0.69512,0.675649,0.9111,0.786343,0.732871,0.868496,0.871355
0.816332,0.557604,1.18963,0.588549,0.647847,0.458144,0.905636,0.0889309,0.331919,0.858476
0.780171,0.482589,0.654234,0.799585,0.8417,0.208472,0.732357,0.0980255,0.142277,0.948276
0.778177,0.836665,0.624708,0.445265,0.990967,0.45439,0.722801,0.229102,0.608722,1.01742
0.796265,0.185705,0.892519,0.313883,0.664632,0.711875,0.809478,0.69039,0.518235,0.866251
0.798299,0.00970489,0.922638,0.864437,0.837428,0.996338,0.819226,0.254128,0.358684,0.946297
0.789828,0.109256,0.797218,0.522416,0.56325,0.344829,0.778634,0.686422,0.143559,0.819287
0.813916,0.0406201,1.15386,0.783349,0.675924,0.0759606,0.894062,0.620136,0.33076,0.871482
0.794299,0.221778,0.863415,0.305368,0.898587,0.905606,0.800059,0.823969,0.262368,0.974628
0.806462,0.255959,1.04349,0.296915,0.755181,0.788476,0.85834,0.607257,0.131901,0.908197
0.786778,0.410291,0.752051,0.732688,0.492111,0.201788,0.764016,0.343974,0.59801,0.786332
0.814396,0.707602,1.16096,0.44377,0.220038,0.744255,0.89636,0.561113,0.27195,0.660297
0.792293,0.442732,0.833719,0.00686666,0.143376,0.36491,0.790448,0.0668966,0.644398,0.624784
0.800386,0.133061,0.953538,0.474136,0.781762,0.473128,0.829227,0.260994,0.0118107,0.92051
0.789103,0.544053,0.786481,0.365612,0.951567,0.594836,0.775159,0.494919,0.952818,0.999171
0.777736,0.856777,0.618177,0.0218513,0.757317,0.319895,0.720687,0.992584,0.00723289,0.909186
0.802482,0.806635,0.984566,0.929899,0.185064,0.0863369,0.839269,0.457411,0.68984,0.644096
0.793744,0.218268,0.855193,0.469497,0.495193,0.824824,0.797398,0.0211493,0.170232,0.78776
0.815204,0.923826,1.17293,0.877316,0.899442,0.407758,0.900232,0.460494,0.446791,0.975024
0.774564,0.313364,0.571213,0.62038,0.838618,0.0290536,0.705488,0.234626,0.0568865,0.946848
0.773437,0.143223,0.554537,0.852565,0.597949,0.259285,0.70009,0.684042,0.627644,0.835361
0.810272,0.606861,1.0999,0.189337,0.991302,0.172308,0.876598,0.375256,0.0516984,1.01758
0.787852,0.0102847,0.767966,0.326548,0.0917081,0.463363,0.769167,0.618549,0.852412,0.60085
0.797313,0.955565,0.908033,0.229591,0.565691,0.475997,0.814499,0.132633,0.285806,0.820418
0.814129,0.537248,1.15701,0.80459,0.46794,0.352611,0.895081,0.773888,0.816553,0.775136
0.802205,0.386883,0.980465,0.0430616,0.338908,0.763939,0.837942,0.0530107,0.219245,0.715363
0.784778,0.0123905,0.722439,0.489517,0.841914,0.552446,0.754432,0.846736,0.0630207,0.948375
0.786131,0.237068,0.742476,0.00762963,0.937895,0.181433,0.760917,0.353038,0.766198,0.992837
0.794599,0.885708,0.867854,0.351085,0.477248,0.624897,0.801495,0.329508,0.282754,0.779447
0.801567,0.592456,0.971018,0.716666,0.951109,0.861354,0.834884,0.940733,0.366222,0.998959
0.77772,0.152593,0.617944,0.664266,0.0324717,0.277139,0.720612,0.904782,0.182623,0.573409
0.786075,0.016541,0.741652,0.492599,0.443068,0.677358,0.76065,0.861263,0.133946,0.763614
0.815783,0.535203,1.18151,0.0814844,0.256325,0.965087,0.903009,0.220862,0.775231,0.677107
0.802961,0.916715,0.991667,0.330973,0.153569,0.843287,0.841567,0.629994,0.775506,0.629506
0.802807,0.65273,0.989385,0.320627,0.534318,0.864986,0.840828,0.912717,0.273354,0.805884
0.792667,0.224464,0.839257,0.277352,0.424085,0.689779,0.79224,0.112003,0.970702,0.75482
0.789908,0.40556,0.798402,0.709738,0.410108,0.469039,0.779017,0.138829,0.744865,0.748345
0.788612,0.965819,0.77921,0.766228,0.731773,0.100162,0.772806,0.382885,0.0069277,0.897353
0.797725,0.0970794,0.914141,0.252266,0.690878,0.610034,0.816476,0.581042,0.417676,0.878409
0.801832,0.399579,0.974949,0.178747,0.251625,0.440596,0.836156,0.984283,0.242409,0.67493
0.811083,0.506119,1.11191,0.692099,0.123875,0.659169,0.880483,0.915922,0.153661,0.61575
0.815252,0.335307,1.17365,0.433332,0.737602,0.00106815,0.900464,0.794092,0.0949736,0.900054
0.814669,0.32841,1.165,0.386792,0.0227058,0.0970183,0.897667,0.348857,0.251198,0.568885
0.808392,0.625416,1.07207,0.43199,0.835047,0.599811,0.867589,0.991119,0.325846,0.945194
0.791438,0.250771,0.821059,0.768792,0.755913,0.752342,0.78635,0.0210883,0.52031,0.908536
0.778421,0.289956,0.628322,0.274361,0.337199,0.714103,0.723971,0.931578,0.0368053,0.714571
0.797769,0.533525,0.914796,0.910428,0.80929,0.8652,0.816688,0.0868252,0.622608,0.933262
0.801373,0.898679,0.968143,0.94174,0.502548,0.919584,0.833954,0.796503,0.654164,0.791167
0.808509,0.478072,1.0738,0.335582,0.322214,0.883358,0.86815,0.13477,0.108219,0.707629
0.80285,0.328166,0.990019,0.272134,0.980956,0.161534,0.841034,0.237251,0.853267,1.01279
0.774289,0.674581,0.567155,0.863369,0.703787,0.66747,0.704174,0.520524,0.536393,0.884389
0.78095,0.460341,0.665774,0.121067,0.781365,0.0808435,0.736092,0.569994,0.513047,0.920327
0.77956,0.582751,0.645188,0.0520951,0.280465,0.689413,0.72943,0.209723,0.662496,0.688289
0.798642,0.412763,0.92771,0.251289,0.677084,0.891263,0.820868,0.968535,0.00274667,0.872019
0.788652,0.9223,0.779802,0.862026,0.0374157,0.981994,0.772997,0.0307627,0.0355235,0.575699
0.798526,0.120975,0.925998,0.349803,0.109958,0.784478,0.820313,0.210456,0.0182196,0.609304
0.814998,0.664724,1.16988,0.59212,0.518937,0.162328,0.899247,0.924986,0.601978,0.798759
0.78679,0.148686,0.752241,0.251442,0.650044,0.144963,0.764077,0.461806,0.430525,0.859493
0.77369,0.247383,0.558278,0.104556,0.969512,0.931669,0.701301,0.987518,0.17954,1.00748
0.810866,0.111576,1.1087,0.582751,0.0129093,0.617328,0.879443,0.970122,0.806146,0.564347
0.77302,0.102023,0.548365,0.943205,0.956664,0.174627,0.698093,0.938261,0.0725425,1.00153
0.814409,0.689505,1.16116,0.253731,0.164678,0.905423,0.896422,0.000122074,0.0333872,0.634652
0.810827,0.826441,1.10813,0.315867,0.139348,0.268105,0.879259,0.27253,0.77456,0.622918
0.817565,0.490738,1.20789,0.139958,0.769982,0.725547,0.911546,0.510483,0.468612,0.915053
0.788615,0.453749,0.779252,0.161107,0.661184,0.585467,0.772819,0.843806,0.76809,0.864654
0.800242,0.653432,0.951404,0.542497,0.79812,0.202979,0.828536,0.565172,0.821986,0.928088
0.804175,0.4185,1.00963,0.788049,0.976592,0.576312,0.847382,0.148564,0.0116886,1.01076
0.792119,0.639912,0.831141,0.209937,0.110385,0.825129,0.789613,0.920866,0.262795,0.609502
0.784541,0.0992157,0.718931,0.985778,0.890316,0.33311,0.753296,0.241127,0.925199,0.970797
0.814781,0.830592,1.16667,0.482559,0.939543,0.463546,0.898207,0.255165,0.561632,0.993601
0.815447,0.368633,1.17652,0.173223,0.325571,0.356487,0.901395,0.129856,0.66982,0.709185
0.782292,0.877956,0.685642,0.0965606,0.964293,0.58211,0.742522,0.731407,0.128178,1.00507
0.784177,0.520035,0.713541,0.224525,0.963744,0.419904,0.751552,0.821772,0.397992,1.00481
0.779059,0.962279,0.637769,0.993988,0.800317,0.178533,0.727029,0.650441,0.172735,0.929106
0.804016,0.394696,1.00729,0.184271,0.541032,0.138737,0.846622,0.0110477,0.0388501,0.808995
0.78363,0.7257,0.705446,0.741966,0.801416,0.892972,0.748932,0.451064,0.54088,0.929615
0.782268,0.630604,0.685283,0.30958,0.371044,0.196142,0.742406,0.879482,0.219398,0.730249
0.788068,0.374126,0.771157,0.505417,0.714896,0.678518,0.770199,0.907254,0.672384,0.889535
0.785142,0.81341,0.727829,0.860012,0.710074,0.287515,0.756176,0.710746,0.220435,0.887302
0.808582,0.852565,1.07488,0.555437,0.589373,0.096469,0.868498,0.662648,0.237648,0.831388
0.777302,0.0639363,0.611751,0.935179,0.0224006,0.848964,0.718608,0.150792,0.554765,0.568744
0.809003,0.743583,1.08111,0.667013,0.0137944,0.29133,0.870516,0.861324,0.938108,0.564757
0.805551,0.362377,1.03001,0.551195,0.15775,0.65157,0.853976,0.0853298,0.961425,0.631443
0.801861,0.235603,0.975371,0.0807825,0.902188,0.648915,0.836293,0.20542,0.339885,0.976297
0.79739,0.818964,0.909174,0.181249,0.0479141,0.502365,0.814868,0.391858,0.454421,0.580562
0.773173,0.783715,0.550627,0.604511,0.250587,0.666707,0.698825,0.922605,0.0751671,0.674449
0.813876,0.273934,1.15327,0.283517,0.892209,0.715903,0.89387,0.370342,0.676809,0.971674
0.777718,0.563219,0.617923,0.532609,0.210273,0.292795,0.720605,0.477065,0.909482,0.655773
0.774949,0.174718,0.57692,0.0298776,0.0522172,0.835322,0.707335,0.597613,0.31138,0.582556
0.794095,0.124241,0.860393,0.995453,0.0629902,0.547655,0.79908,0.0421766,0.668752,0.587546
0.807454,0.757103,1.05818,0.653676,0.144963,0.412061,0.863094,0.40437,0.818812,0.625519
0.782997,0.4138,0.696083,0.732658,0.883816,0.251656,0.745902,0.385876,0.46736,0.967786
0.803728,0.279427,1.00302,0.680074,0.230262,0.623188,0.845241,0.27015,0.43028,0.665033
0.799851,0.170965,0.945612,0.749138,0.450667,0.770714,0.826662,0.532762,0.701865,0.767134
0.771644,0.544206,0.52799,0.914853,0.6639,0.242714,0.691499,0.293008,0.247291,0.865912
0.780967,0.241249,0.666028,0.478378,0.939573,0.480972,0.736174,0.984771,0.506546,0.993615
0.791481,0.318613,0.821693,0.568041,0.250771,0.109439,0.786555,0.641896,0.613941,0.674534
0.809101,0.225074,1.08257,0.570971,0.749687,0.77575,0.870988,0.0235908,0.42085,0.905652
0.793193,0.65804,0.847035,0.408063,0.913785,0.876949,0.794757,0.668172,0.758934,0.981669
0.808246,0.698416,1.06991,0.874111,0.0637226,0.507096,0.866891,0.317972,0.530229,0.587886
0.790271,0.670248,0.80377,0.498642,0.313517,0.613819,0.780754,0.260201,0.173711,0.7036
0.811407,0.64333,1.11671,0.193365,0.0859096,0.406964,0.882036,0.332133,0.929228,0.598163
0.817011,0.056032,1.19969,0.995544,0.84167,0.872585,0.908892,0.199377,0.430494,0.948262
0.798158,0.329508,0.920545,0.656178,0.941099,0.885586,0.818549,0.512162,0.646504,0.994322
0.783804,0.952239,0.708025,0.794519,0.286508,0.282754,0.749767,0.839625,0.270028,0.691089
0.779571,0.320688,0.645357,0.55327,0.588061,0.285958,0.729484,0.532121,0.791223,0.83078
0.802111,0.307627,0.97907,0.651814,0.362743,0.681661,0.83749,0.513474,0.932859,0.726404
0.797037,0.162969,0.903954,0.0438246,0.422071,0.809503,0.813179,0.642476,0.25132,0.753887
0.792797,0.368542,0.84118,0.868831,0.329875,0.388989,0.792862,0.787744,0.989013,0.711178
0.803758,0.276437,1.00346,0.698782,0.141606,0.538469,0.845384,0.000732444,0.426557,0.623964
0.792849,0.961119,0.841941,0.8699,0.223426,0.595477,0.793109,0.178381,0.472152,0.661867
0.779731,0.236213,0.647724,0.146428,0.559069,0.899747,0.73025,0.405774,0.830256,0.81735
0.779449,0.260811,0.64354,0.128239,0.911924,0.0859096,0.728896,0.31135,0.0619526,0.980807
0.799237,0.624836,0.936524,0.70513,0.965178,0.155797,0.82372,0.725517,0.57741,1.00548
0.772462,0.756035,0.540101,0.0377819,0.397351,0.785119,0.695418,0.90817,0.514084,0.742436
0.7908,0.582812,0.811611,0.458754,0.0430616,0.70806,0.783292,0.131382,0.410718,0.578315
0.790989,0.271004,0.814401,0.612354,0.624226,0.0235908,0.784195,0.508957,0.633534,0.847533
0.806604,0.712149,1.04561,0.38197,0.790216,0.772301,0.859024,0.651814,0.62862,0.924427
0.797345,0.337901,0.908519,0.441939,0.670919,0.093997,0.814656,0.644276,0.947356,0.869163
0.804793,0.714133,1.01878,0.475448,0.0719321,0.964171,0.850344,0.161168,0.696066,0.591689
0.776626,0.0215766,0.601754,0.275369,0.701895,0.732139,0.715372,0.355541,0.985046,0.883513
0.77498,0.700552,0.577385,0.0527055,0.92581,0.14011,0.707485,0.353099,0.0630512,0.987239
0.811301,0.630696,1.11514,0.0540483,0.574633,0.738975,0.88153,0.670797,0.843318,0.82456
0.798193,0.126377,0.921074,0.955626,0.181585,0.0983612,0.81872,0.129795,0.412152,0.642484
0.798523,0.719871,0.925956,0.316843,0.654836,0.178747,0.8203,0.986572,0.618854,0.861713
0.800295,0.380902,0.952186,0.187384,0.988952,0.0824,0.828789,0.804437,0.83285,1.01649
0.778542,0.523942,0.630118,0.757347,0.316324,0.575243,0.724552,0.418592,0.467269,0.704901
0.800636,0.864132,0.957237,0.869411,0.0712302,0.070864,0.830424,0.176916,0.898465,0.591363
0.790455,0.591937,0.806497,0.467513,0.917051,0.405438,0.781637,0.186712,0.610889,0.983182
0.802689,0.495163,0.98763,0.170568,0.58272,0.206366,0.840261,0.540727,0.927824,0.828306
0.815325,0.0307932,1.17472,0.168249,0.872585,0.082461,0.900813,0.115268,0.697928,0.962583
0.809903,0.671773,1.09445,0.557237,0.954314,0.0386975,0.874833,0.621998,0.474349,1.00044
0.77189,0.553484,0.531626,0.636341,0.919187,0.652303,0.692675,0.49028,0.63625,0.984171
0.802253,0.34959,0.981184,0.984863,0.702445,0.157231,0.838174,0.981231,0.922452,0.883767
0.789594,0.572588,0.793752,0.710562,0.894589,0.727805,0.777512,0.937315,0.51149,0.972776
0.806043,0.764275,1.0373,0.133183,0.465499,0.892209,0.856336,0.133396,0.61211,0.774005
0.811482,0.0226447,1.11783,0.825159,0.491867,0.873989,0.882399,0.798853,0.575671,0.786219
0.777149,0.000640889,0.60949,0.0919218,0.151891,0.694662,0.717876,0.200995,0.782678,0.628729
0.799233,0.546953,0.936461,0.0971709,0.584735,0.861751,0.8237,0.820154,0.686361,0.829239
0.795911,0.74807,0.887278,0.664052,0.656301,0.191412,0.807782,0.922941,0.447645,0.862392
0.805724,0.282235,1.03256,0.717215,0.00466933,0.0546892,0.854804,0.92291,0.107608,0.56053
0.795537,0.794031,0.88174,0.292184,0.750481,0.372326,0.805989,0.931089,0.713706,0.90602
0.782118,0.835231,0.683063,0.876888,0.200262,0.803949,0.741688,0.582812,0.384838,0.651136
0.796052,0.723807,0.88937,0.154393,0.109134,0.534654,0.808459,0.996796,0.660695,0.608922
0.816833,0.296457,1.19704,0.84579,0.148137,0.228309,0.908037,0.953642,0.193457,0.62699
0.779598,0.538652,0.645759,0.843806,0.612568,0.102847,0.729614,0.0684225,0.329997,0.842133
0.808924,0.405591,1.07995,0.20127,0.339793,0.274392,0.87014,0.523331,0.767907,0.715773
0.778753,0.101779,0.633246,0.870449,0.702414,0.889462,0.725565,0.994659,0.255074,0.883753
0.772656,0.389386,0.542975,0.748955,0.764489,0.609882,0.696349,0.870876,0.861232,0.912509
0.780175,0.0967132,0.654298,0.623066,0.280557,0.388012,0.732378,0.476699,0.928892,0.688332
0.779591,0.668203,0.645653,0.469283,0.669729,0.826594,0.72958,0.140904,0.299539,0.868612
0.81663,0.16184,1.19404,0.0321055,0.0565203,0.917966,0.907066,0.647877,0.270852,0.584549
0.787197,0.690939,0.758265,0.017243,0.633168,0.744621,0.766027,0.29371,0.194464,0.851675
0.792862,0.670766,0.842131,0.607044,0.992492,0.496902,0.79317,0.359539,0.148808,1.01813
0.793787,0.738517,0.855827,0.00421155,0.24601,0.439039,0.797603,0.141545,0.896939,0.672328
0.795708,0.888241,0.884276,0.406201,0.193609,0.827631,0.80681,0.387768,0.959166,0.648054
0.811003,0.756584,1.11073,0.639882,0.618274,0.0808741,0.8801,0.780084,0.932493,0.844776
0.806981,0.569506,1.05119,0.459456,0.865688,0.372112,0.86083,0.987274,0.793786,0.959388
0.775938,0.264931,0.591567,0.420759,0.0880459,0.921201,0.712075,0.382916,0.582202,0.599153
0.774351,0.111454,0.568064,0.830836,0.440657,0.77871,0.704468,0.136052,0.451186,0.762497
0.776455,0.267129,0.599218,0.556108,0.0829493,0.873074,0.714551,0.581042,0.588244,0.596792
0.773159,0.733451,0.550415,0.501694,0.277932,0.545915,0.698756,0.0581378,0.104831,0.687116
0.81225,0.977477,1.1292,0.837458,0.160772,0.289895,0.886079,0.914975,0.792749,0.632843
0.796649,0.487899,0.898205,0.202887,0.108463,0.379192,0.811318,0.807764,0.452895,0.608611
0.789204,0.214911,0.787982,0.818018,0.978118,0.820826,0.775645,0.256783,0.489761,1.01147
0.8067,0.801202,1.04702,0.849452,0.226814,0.847468,0.859483,0.476119,0.260292,0.663436
0.780305,0.612903,0.656221,0.591082,0.421125,0.773064,0.733,0.772607,0.00579852,0.753449
0.816649,0.348521,1.19432,0.959532,0.977203,0.299509,0.907155,0.558306,0.995911,1.01105
0.800028,0.48262,0.948233,0.27076,0.510727,0.351024,0.82751,0.0600299,0.652089,0.794956
0.797932,0.998505,0.917206,0.996979,0.949065,0.182196,0.817468,0.825373,0.385662,0.998012
0.775432,0.373669,0.584063,0.609577,0.0852077,0.59624,0.709647,0.676504,0.833857,0.597838
0.805021,0.947996,1.02217,0.585223,0.11951,0.537065,0.851438,0.306375,0.776543,0.613729
0.805208,0.220618,1.02493,0.156774,0.799036,0.948424,0.852334,0.493271,0.885128,0.928512
0.775838,0.630268,0.590087,0.629688,0.580737,0.164739,0.711596,0.323496,0.854335,0.827387
0.774111,0.575701,0.564513,0.0989105,0.772607,0.209082,0.703319,0.298288,0.246773,0.916269
0.805755,0.145543,1.03303,0.175329,0.0933561,0.362804,0.854954,0.562883,0.113956,0.601613
0.775858,0.929899,0.590383,0.549883,0.419874,0.441389,0.711692,0.946043,0.0443129,0.752869
0.775127,0.45793,0.579561,0.946532,0.139866,0.886654,0.70819,0.534837,0.160985,0.623158
0.80472,0.642323,1.01771,0.701132,0.683584,0.106967,0.849995,0.24659,0.0775475,0.87503
0.780623,0.0486465,0.660934,0.587542,0.0346385,0.480392,0.734526,0.098178,0.0587481,0.574413
0.80293,0.655751,0.991202,0.0258187,0.255043,0.649037,0.841417,0.818628,0.830134,0.676513
0.804627,0.742393,1.01633,0.273324,0.612506,0.600055,0.84955,0.624073,0.148167,0.842104
0.814297,0.0999786,1.15951,0.778954,0.466048,0.905026,0.895888,0.429884,0.467055,0.774259
0.804195,0.650746,1.00993,0.212592,0.681845,0.429731,0.847477,0.478347,0.682943,0.874225
0.79868,0.199591,0.928281,0.475509,0.542619,0.295877,0.821052,0.0383618,0.0424512,0.80973
0.789827,0.234352,0.797197,0.248543,0.423505,0.598712,0.778627,0.432905,0.867733,0.754551
0.800006,0.732139,0.947916,0.983917,0.927946,0.820093,0.827407,0.952635,0.404675,0.988229
0.792273,0.994537,0.833424,0.89523,0.863521,0.765831,0.790352,0.00177007,0.0831629,0.958385
0.802669,0.754112,0.987334,0.466811,0.53975,0.600299,0.840165,0.374615,0.696615,0.808401
0.806766,0.893307,1.04799,0.362438,0.073336,0.077456,0.859797,0.159612,0.858333,0.592339
0.814961,0.547655,1.16933,0.763787,0.251839,0.217322,0.899069,0.200873,0.0210578,0.675029
0.794305,0.891781,0.8635,0.0367748,0.47969,0.0440992,0.800086,0.0674764,0.127842,0.780578
0.812032,0.868862,1.12596,0.0615864,0.702994,0.44322,0.885032,0.458907,0.906613,0.884022
0.778448,0.615955,0.628723,0.130955,0.222327,0.251564,0.724101,0.923795,0.12009,0.661358
0.808964,0.719901,1.08054,0.965636,0.86758,0.377361,0.870332,0.273507,0.788812,0.960265
0.798732,0.731071,0.929042,0.410932,0.508988,0.143986,0.821299,0.506333,0.47972,0.79415
0.809931,0.151921,1.09485,0.494125,0.792261,0.522935,0.874963,0.91641,0.942503,0.925374
0.792964,0.756218,0.843653,0.685781,0.00308237,0.516892,0.793663,0.996765,0.568072,0.559795
0.802629,0.152776,0.986743,0.191015,0.639332,0.140355,0.839973,0.415418,0.287729,0.854531
0.801208,0.404736,0.965712,0.723289,0.0721458,0.961303,0.833167,0.906278,0.925108,0.591787
0.800659,0.61449,0.957575,0.616993,0.805231,0.4026,0.830533,0.51503,0.367687,0.931382
0.793511,0.716788,0.851748,0.0615253,0.843104,0.932463,0.796283,0.979644,0.244942,0.948927
0.794078,0.829981,0.860139,0.0592975,0.523606,0.583636,0.798998,0.609088,0.690939,0.800922
0.786282,0.886044,0.744717,0.446303,0.0835292,0.000946074,0.761642,0.462996,0.541002,0.597061
0.776873,0.0637226,0.605411,0.520768,0.14774,0.856532,0.716556,0.738273,0.662526,0.626806
0.799494,0.394757,0.940328,0.961486,0.57796,0.806574,0.824951,0.709494,0.0752586,0.826101
0.803147,0.603626,0.994415,0.0353099,0.353801,0.388256,0.842456,0.980316,0.627613,0.722262
0.811135,0.488083,1.11269,0.961394,0.521744,0.902005,0.880736,0.387524,0.731376,0.80006
0.801664,0.451369,0.972455,0.233955,0.947081,0.421705,0.835349,0.688192,0.240699,0.997093
0.783097,0.761803,0.697563,0.283059,0.13712,0.667592,0.746381,0.175726,0.441694,0.621886
0.779733,0.578784,0.647746,0.977996,0.908475,0.0516373,0.730257,0.17481,0.579119,0.979209
0.795233,0.335734,0.877238,0.538102,0.850642,0.424512,0.804532,0.401166,0.663778,0.952419
0.803478,0.583056,0.999318,0.909116,0.913572,0.56035,0.844043,0.72457,0.264077,0.98157
0.79921,0.360332,0.936122,0.184515,0.583178,0.400769,0.82359,0.226997,0.364788,0.828518
0.781199,0.749748,0.669452,0.0654622,0.918485,0.602069,0.737283,0.36195,0.464766,0.983846
0.812542,0.0814539,1.13351,0.183203,0.621998,0.931486,0.887474,0.350139,0.137608,0.846501
0.781166,0.095645,0.668966,0.401379,0.65801,0.340251,0.737125,0.747002,0.16306,0.863183
0.773746,0.99707,0.559102,0.973571,0.785516,0.832453,0.701568,0.350749,0.567644,0.922249
0.818052,0.0444655,1.21509,0.254097,0.170415,0.971282,0.913879,0.0212104,0.572863,0.63731
0.788542,0.39668,0.778175,0.889706,0.791131,0.895657,0.772471,0.470107,0.415387,0.924851
0.783261,0.108188,0.699993,0.646504,0.869747,0.0390027,0.747167,0.525315,0.267891,0.961269
0.782119,0.41496,0.683085,0.599658,0.510605,0.542528,0.741695,0.306162,0.206397,0.7949
0.772786,0.433912,0.544899,0.926237,0.361614,0.681722,0.696971,0.168615,0.494034,0.725881
0.772895,0.269723,0.546505,0.317545,0.776452,0.463118,0.697491,0.332774,0.047853,0.918051
0.797475,0.453017,0.910442,0.743004,0.262642,0.578143,0.815279,0.985595,0.457839,0.680033
0.801938,0.224982,0.976513,0.0312815,0.209052,0.186926,0.836662,0.891781,0.548112,0.655208
0.773459,0.26133,0.554854,0.884121,0.863277,0.00424207,0.700193,0.178472,0.212653,0.958272
0.783548,0.641743,0.704242,0.437513,0.794702,0.604907,0.748542,0.00512711,0.225013,0.926505
0.803245,0.893094,0.995873,0.146336,0.694876,0.193487,0.842928,0.857082,0.233955,0.880261
0.771656,0.878964,0.528159,0.298868,0.281472,0.111087,0.691553,0.629292,0.377209,0.688756
0.789655,0.449324,0.79466,0.345561,0.0484634,0.24311,0.777806,0.857295,0.0127567,0.580817
0.785039,0.411695,0.726307,0.168828,0.502548,0.887509,0.755684,0.452834,0.683157,0.791167
0.795892,0.232063,0.887003,0.880642,0.368755,0.248665,0.807693,0.586932,0.122105,0.729189
0.781257,0.964415,0.670319,0.485122,0.103763,0.535508,0.737563,0.64452,0.411542,0.606434
0.814756,0.739372,1.16629,0.0979644,0.340526,0.30369,0.898084,0.92584,0.354595,0.716112
0.77908,0.341716,0.638087,0.542497,0.476272,0.393902,0.727131,0.719199,0.700278,0.778995
0.801355,0.723045,0.967889,0.173711,0.516923,0.596667,0.833871,0.928739,0.812189,0.797826
0.776615,0.603381,0.601585,0.444044,0.593982,0.0949126,0.715318,0.526811,0.509537,0.833523
0.776365,0.621448,0.597886,0.466628,0.638447,0.20011,0.71412,0.56563,0.378094,0.854121
0.77502,0.894223,0.577976,0.421003,0.560503,0.82635,0.707677,0.910398,0.210395,0.818014
0.783577,0.682485,0.704664,0.422742,0.480911,0.397015,0.748679,0.110996,0.940092,0.781144
0.773003,0.235633,0.548111,0.529496,0.600757,0.012299,0.698011,0.448439,0.949705,0.836662
0.790389,0.108798,0.805524,0.253761,0.275369,0.658467,0.781322,0.186224,0.189795,0.685928
0.805328,0.531663,1.02671,0.306284,0.617359,0.321665,0.852909,0.51915,0.568468,0.844352
0.790987,0.715506,0.81438,0.896054,0.588946,0.794183,0.784188,0.992279,0.918241,0.83119
0.772338,0.567949,0.538262,0.11475,0.895901,0.688925,0.694823,0.324778,0.563402,0.973384
0.807073,0.0151067,1.05254,0.304697,0.166936,0.471633,0.861268,0.0692465,0.588855,0.635698
0.800479,0.51091,0.954912,0.266396,0.707266,0.0112613,0.829671,0.117008,0.99649,0.886001
0.776371,0.458449,0.597971,0.0773339,0.738426,0.363353,0.714148,0.108249,0.721549,0.900435
0.771489,0.970855,0.525686,0.184637,0.0513627,0.991394,0.690753,0.296945,0.00274667,0.58216
0.778999,0.889645,0.636882,0.857021,0.304819,0.762932,0.726741,0.0458693,0.389019,0.699571
0.815858,0.702383,1.18261,0.512894,0.232521,0.855983,0.903365,0.947325,0.24308,0.66608
0.810763,0.245827,1.10717,0.0590838,0.0899075,0.730308,0.878951,0.0184942,0.0343028,0.600015
0.80468,0.103549,1.01711,0.780786,0.982391,0.0174871,0.849803,0.317728,0.924223,1.01345
0.773631,0.266671,0.557411,0.329295,0.252541,0.813562,0.701021,0.863582,0.992615,0.675354
0.816934,0.466292,1.19854,0.659719,0.0753502,0.787866,0.908523,0.449751,0.486862,0.593272
0.798256,0.606769,0.922004,0.890591,0.778802,0.271126,0.819021,0.857631,0.665059,0.919139